id,Order Date,Receiving Date,Purchase price,Quantity,Total price,Order number,id item,id supplier
0,2016-01-01,2016-01-05,7.99,12,95.88,8288,802,480
1,2016-01-01,2016-01-08,24.45,5,122.25,8288,443,480
2,2016-01-01,2016-01-05,7.19,12,86.28,8288,810,480
3,2015-12-27,2016-01-04,28.67,6,172.02,8210,62,1128
4,2015-12-27,2016-01-06,21.89,11,240.79,8210,1220,1128
5,2015-12-27,2016-01-04,33.83,6,202.98,8210,1237,1128
6,2015-12-27,2016-01-04,9.48,22,208.56,8210,1231,1128
7,2015-12-27,2016-01-04,15.93,11,175.23,8210,1232,1128
8,2015-12-27,2016-01-06,30.46,6,182.76,8210,63,1128
9,2015-12-31,2016-01-04,18.97,6,113.82,8269,376,11567
10,2015-12-31,2016-01-04,18.93,11,208.23,8271,1384,3960
11,2015-12-29,2016-01-04,7.96,12,95.52,8237,538,2555
12,2015-12-29,2016-01-05,7.96,11,87.56,8237,538,2555
13,2015-12-29,2016-01-08,7.96,10,79.6,8237,538,2555
14,2015-12-31,2016-01-04,7.83,12,93.96,8273,1178,3924
15,2015-12-29,2016-01-06,39.99,6,239.94,8241,1239,12546
16,2015-12-29,2016-01-06,8.65,12,103.8,8241,676,12546
17,2015-12-29,2016-01-04,7.08,24,169.92,8241,1378,12546
18,2015-12-29,2016-01-06,11.41,12,136.92,8241,1379,12546
19,2015-12-29,2016-01-04,10.76,11,118.36,8241,1397,12546
20,2015-12-29,2016-01-06,5.88,11,64.68,8241,1395,12546
21,2015-12-29,2016-01-04,8.65,11,95.15,8241,676,12546
22,2015-12-29,2016-01-04,20.45,9,184.05,8241,1385,12546
23,2015-12-29,2016-01-04,28.56,6,171.36,8241,1382,12546
24,2015-12-29,2016-01-08,11.5,5,57.5,8241,1375,12546
25,2015-12-29,2016-01-04,12.68,11,139.48,8241,1394,12546
26,2015-12-29,2016-01-04,21.87,3,65.61,8241,1359,12546
27,2015-12-29,2016-01-04,22.55,17,383.35,8241,1346,12546
28,2015-12-29,2016-01-07,22.55,18,405.9,8241,1346,12546
29,2015-12-29,2016-01-04,10.36,12,124.32,8241,1373,12546
30,2015-12-29,2016-01-06,22.55,5,112.75,8241,1346,12546
31,2015-12-29,2016-01-04,28.45,6,170.7,8241,1345,12546
32,2015-12-29,2016-01-05,11.5,9,103.5,8241,1375,12546
33,2015-12-28,2016-01-04,12.79,6,76.74,8226,435,7153
34,2015-12-28,2016-01-06,8.95,12,107.4,8228,168,7245
35,2015-12-28,2016-01-04,9.62,12,115.44,8228,79,7245
36,2015-12-28,2016-01-09,26.8,3,80.4,8228,175,7245
37,2015-12-28,2016-01-07,35.15,6,210.9,8229,782,7239
38,2015-12-28,2016-01-05,35.15,6,210.9,8229,782,7239
39,2015-12-28,2016-01-06,35.15,6,210.9,8229,782,7239
40,2015-12-30,2016-01-04,18.7,6,112.2,8259,1282,660
41,2015-12-27,2016-01-06,16.15,12,193.8,8219,966,9165
42,2015-12-27,2016-01-04,23.01,5,115.05,8219,513,9165
43,2015-12-27,2016-01-04,20.63,6,123.78,8219,984,9165
44,2015-12-27,2016-01-06,6.29,48,301.92,8219,426,9165
45,2015-12-28,2016-01-07,19.99,6,119.94,8232,1226,9625
46,2015-12-28,2016-01-09,27.68,6,166.08,8233,192,3664
47,2015-12-28,2016-01-04,53.43,3,160.29,8233,284,3664
48,2016-01-06,2016-01-13,15.93,11,175.23,8358,1232,1128
49,2016-01-06,2016-01-13,21.89,6,131.34,8358,1220,1128
50,2016-01-07,2016-01-12,12.97,12,155.64,8376,408,11567
51,2016-01-03,2016-01-13,19.11,5,95.55,8309,1269,1485
52,2016-01-03,2016-01-13,14.38,12,172.56,8311,1212,2555
53,2016-01-04,2016-01-14,5.88,12,70.56,8330,1395,12546
54,2016-01-04,2016-01-14,11.84,10,118.4,8330,1348,12546
55,2016-01-04,2016-01-14,10.76,12,129.12,8330,1397,12546
56,2016-01-04,2016-01-14,2.18,120,261.6,8330,1389,12546
57,2016-01-04,2016-01-15,12.68,12,152.16,8330,1394,12546
58,2016-01-04,2016-01-13,20.45,35,715.75,8330,1385,12546
59,2016-01-04,2016-01-15,21.87,6,131.22,8330,1359,12546
60,2016-01-04,2016-01-14,28.45,6,170.7,8330,1345,12546
61,2016-01-04,2016-01-12,8.65,12,103.8,8330,676,12546
62,2016-01-04,2016-01-15,22.55,3,67.65,8330,1346,12546
63,2016-01-04,2016-01-12,11.5,9,103.5,8330,1375,12546
64,2016-01-04,2016-01-15,11.5,5,57.5,8330,1375,12546
65,2016-01-04,2016-01-12,20.45,8,163.6,8330,1385,12546
66,2016-01-08,2016-01-13,10.39,12,124.68,8396,77,7245
67,2016-01-06,2016-01-12,40.59,12,487.08,8366,1398,8004
68,2016-01-05,2016-01-14,6.05,23,139.15,8353,1365,8664
69,2016-01-12,2016-01-20,24.45,6,146.7,8433,443,480
70,2016-01-12,2016-01-19,7.19,12,86.28,8433,810,480
71,2016-01-13,2016-01-20,15.93,22,350.46,8457,1232,1128
72,2016-01-13,2016-01-19,15.93,10,159.3,8457,1232,1128
73,2016-01-13,2016-01-19,33.83,6,202.98,8457,1237,1128
74,2016-01-15,2016-01-20,7.96,12,95.52,8485,538,2555
75,2016-01-14,2016-01-20,7.83,12,93.96,8472,1178,3924
76,2016-01-12,2016-01-20,8.65,11,95.15,8443,676,12546
77,2016-01-12,2016-01-19,11.5,10,115.0,8443,1375,12546
78,2016-01-12,2016-01-19,7.08,23,162.84,8443,1378,12546
79,2016-01-12,2016-01-23,10.39,12,124.68,8443,1415,12546
80,2016-01-12,2016-01-20,22.55,6,135.3,8443,1346,12546
81,2016-01-11,2016-01-19,19.52,6,117.12,8426,450,4425
82,2016-01-15,2016-01-20,9.62,11,105.82,8491,79,7245
83,2016-01-15,2016-01-20,8.95,12,107.4,8491,168,7245
84,2016-01-15,2016-01-20,19.22,12,230.64,8491,1464,7245
85,2016-01-12,2016-01-19,35.15,6,210.9,8448,782,7239
86,2016-01-13,2016-01-19,18.7,6,112.2,8465,1282,660
87,2016-01-15,2016-01-19,9.28,6,55.68,8493,58,8320
88,2016-01-14,2016-01-20,13.86,6,83.16,8481,680,9165
89,2016-01-20,2016-01-29,7.99,11,87.89,8548,802,480
90,2016-01-18,2016-01-29,21.89,6,131.34,8517,1220,1128
91,2016-01-18,2016-01-29,30.46,6,182.76,8517,63,1128
92,2016-01-18,2016-01-29,37.59,1,37.59,8520,1271,1485
93,2016-01-17,2016-01-29,11.5,12,138.0,8503,1375,12546
94,2016-01-17,2016-01-27,11.5,9,103.5,8503,1375,12546
95,2016-01-17,2016-01-29,28.45,6,170.7,8503,1345,12546
96,2016-01-17,2016-01-29,22.55,10,225.5,8503,1346,12546
97,2016-01-17,2016-01-29,27.81,3,83.43,8503,1399,12546
98,2016-01-17,2016-01-27,11.41,12,136.92,8503,1379,12546
99,2016-01-17,2016-01-27,14.28,5,71.4,8503,361,12546
100,2016-01-17,2016-01-29,9.99,2,19.98,8503,661,12546
101,2016-01-17,2016-01-29,0.93,119,110.67,8503,1366,12546
102,2016-01-17,2016-01-29,8.65,8,69.2,8503,676,12546
103,2016-01-22,2016-01-29,15.62,7,109.34,8592,1135,8352
104,2016-01-18,2016-01-29,19.83,6,118.98,8529,211,4425
105,2016-01-17,2016-01-29,54.01,3,162.03,8506,664,8112
106,2016-01-20,2016-01-29,12.11,6,72.66,8557,970,9206
107,2016-01-19,2016-01-29,35.15,5,175.75,8542,782,7239
108,2016-01-21,2016-01-29,24.99,1,24.99,8585,892,653
109,2016-01-17,2016-01-29,20.63,12,247.56,8513,984,9165
110,2016-01-17,2016-01-29,16.15,24,387.6,8513,966,9165
111,2016-01-17,2016-01-27,25.36,6,152.16,8513,515,9165
112,2016-01-17,2016-01-28,69.76,6,418.56,8516,1228,3664
113,2016-01-17,2016-01-29,27.68,6,166.08,8516,192,3664
114,2016-01-25,2016-02-03,7.19,11,79.09,8618,810,480
115,2016-01-29,2016-02-04,21.89,4,87.56,8689,1220,1128
116,2016-01-29,2016-02-04,15.93,6,95.58,8689,1232,1128
117,2016-01-29,2016-02-03,28.67,6,172.02,8689,62,1128
118,2016-01-29,2016-02-04,9.48,23,218.04,8689,1231,1128
119,2016-01-29,2016-02-03,9.48,23,218.04,8689,1231,1128
120,2016-01-29,2016-02-03,15.93,9,143.37,8689,1232,1128
121,2016-01-25,2016-02-03,9.69,24,232.56,8622,1424,3960
122,2016-01-25,2016-02-04,9.69,12,116.28,8622,1424,3960
123,2016-01-25,2016-02-04,7.96,10,79.6,8623,538,2555
124,2016-01-27,2016-02-04,21.87,18,393.66,8659,1359,12546
125,2016-01-27,2016-02-03,21.87,6,131.22,8659,1359,12546
126,2016-01-27,2016-02-04,10.36,35,362.6,8659,1373,12546
127,2016-01-27,2016-02-03,11.84,10,118.4,8659,1348,12546
128,2016-01-27,2016-02-05,11.5,10,115.0,8659,1375,12546
129,2016-01-27,2016-02-03,7.08,24,169.92,8659,1378,12546
130,2016-01-27,2016-02-03,11.41,11,125.51,8659,1379,12546
131,2016-01-27,2016-02-03,10.36,9,93.24,8659,1373,12546
132,2016-01-27,2016-02-04,28.56,36,1028.16,8659,1382,12546
133,2016-01-27,2016-02-04,5.88,11,64.68,8659,1395,12546
134,2016-01-27,2016-02-03,17.03,12,204.36,8659,1258,12546
135,2016-01-27,2016-02-04,20.45,21,429.45,8659,1385,12546
136,2016-01-27,2016-02-04,28.67,6,172.02,8659,649,12546
137,2016-01-25,2016-02-05,29.92,6,179.52,8626,1094,9552
138,2016-01-27,2016-02-03,54.68,6,328.08,8661,384,8112
139,2016-01-27,2016-02-04,12.79,5,63.95,8663,435,7153
140,2016-01-27,2016-02-04,9.62,10,96.2,8664,79,7245
141,2016-01-27,2016-02-03,10.39,11,114.29,8664,77,7245
142,2016-01-24,2016-02-04,35.15,6,210.9,8610,782,7239
143,2016-01-27,2016-02-03,18.7,5,93.5,8665,1282,660
144,2016-01-28,2016-02-04,26.08,6,156.48,8688,934,9165
145,2016-02-01,2016-02-10,24.45,6,146.7,8719,443,480
146,2016-02-02,2016-02-09,21.89,5,109.45,8742,1220,1128
147,2016-02-02,2016-02-09,15.93,10,159.3,8742,1232,1128
148,2016-02-02,2016-02-10,15.93,8,127.44,8742,1232,1128
149,2016-02-01,2016-02-10,9.69,8,77.52,8721,1424,3960
150,2016-01-31,2016-02-09,7.83,11,86.13,8710,1178,3924
151,2016-01-31,2016-02-10,21.73,6,130.38,8710,653,3924
152,2016-02-05,2016-02-10,8.65,10,86.5,8800,676,12546
153,2016-02-05,2016-02-10,11.84,11,130.24,8800,1348,12546
154,2016-02-05,2016-02-11,11.5,10,115.0,8800,1375,12546
155,2016-02-05,2016-02-10,11.41,11,125.51,8800,1379,12546
156,2016-02-05,2016-02-10,10.39,12,124.68,8800,1415,12546
157,2016-02-05,2016-02-09,22.55,5,112.75,8800,1346,12546
158,2016-02-05,2016-02-10,12.68,12,152.16,8800,1394,12546
159,2016-01-31,2016-02-09,8.95,12,107.4,8714,168,7245
160,2016-02-01,2016-02-09,40.59,6,243.54,8732,1398,8004
161,2016-02-03,2016-02-11,9.28,6,55.68,8772,58,8320
162,2016-02-04,2016-02-09,24.99,6,149.94,8790,892,653
163,2016-02-01,2016-02-12,6.29,45,283.05,8739,426,9165
164,2016-02-11,2016-02-16,7.19,10,71.9,8877,810,480
165,2016-02-09,2016-02-17,21.89,6,131.34,8838,1220,1128
166,2016-02-09,2016-02-16,9.48,21,199.08,8838,1231,1128
167,2016-02-09,2016-02-16,21.89,6,131.34,8838,1220,1128
168,2016-02-09,2016-02-16,15.93,22,350.46,8838,1232,1128
169,2016-02-09,2016-02-16,12.79,2,25.58,8838,1244,1128
170,2016-02-09,2016-02-19,15.93,5,79.65,8838,1232,1128
171,2016-02-09,2016-02-17,15.93,12,191.16,8838,1232,1128
172,2016-02-09,2016-02-16,18.97,6,113.82,8839,376,11567
173,2016-02-07,2016-02-17,7.96,12,95.52,8808,538,2555
174,2016-02-07,2016-02-19,7.83,8,62.64,8810,1178,3924
175,2016-02-12,2016-02-17,2.59,60,155.4,8903,1355,12546
176,2016-02-12,2016-02-17,7.08,21,148.68,8903,1378,12546
177,2016-02-12,2016-02-17,8.65,12,103.8,8903,676,12546
178,2016-02-12,2016-02-19,11.84,11,130.24,8903,1348,12546
179,2016-02-12,2016-02-16,5.88,11,64.68,8903,1395,12546
180,2016-02-12,2016-02-16,11.5,10,115.0,8903,1375,12546
181,2016-02-09,2016-02-17,9.62,12,115.44,8852,79,7245
182,2016-02-07,2016-02-17,35.15,5,175.75,8818,782,7239
183,2016-02-07,2016-02-16,18.7,5,93.5,8820,1282,660
184,2016-02-07,2016-02-17,23.01,6,138.06,8824,513,9165
185,2016-02-09,2016-02-16,27.68,6,166.08,8859,192,3664
186,2016-02-14,2016-02-23,7.99,12,95.88,8914,802,480
187,2016-02-16,2016-02-23,15.93,9,143.37,8945,1232,1128
188,2016-02-16,2016-02-25,15.93,10,159.3,8945,1232,1128
189,2016-02-16,2016-02-25,28.67,6,172.02,8945,62,1128
190,2016-02-16,2016-02-23,9.48,23,218.04,8945,1231,1128
191,2016-02-16,2016-02-25,30.46,6,182.76,8945,63,1128
192,2016-02-16,2016-02-25,21.89,2,43.78,8945,1220,1128
193,2016-02-16,2016-02-25,33.83,12,405.96,8945,1237,1128
194,2016-02-17,2016-02-25,12.97,11,142.67,8963,408,11567
195,2016-02-16,2016-02-25,19.11,6,114.66,8947,1269,1485
196,2016-02-17,2016-02-25,18.93,23,435.39,8966,1384,3960
197,2016-02-17,2016-02-23,9.69,10,96.9,8966,1424,3960
198,2016-02-18,2016-02-25,7.83,12,93.96,8985,1178,3924
199,2016-02-15,2016-02-23,12.68,10,126.8,8928,1394,12546
200,2016-02-15,2016-02-23,11.41,10,114.1,8928,1379,12546
201,2016-02-15,2016-02-25,5.88,11,64.68,8928,1395,12546
202,2016-02-15,2016-02-23,11.5,10,115.0,8928,1375,12546
203,2016-02-15,2016-02-25,8.65,11,95.15,8928,676,12546
204,2016-02-15,2016-02-25,11.5,8,92.0,8928,1375,12546
205,2016-02-14,2016-02-25,5.74,12,68.88,8916,607,9552
206,2016-02-14,2016-02-23,12.77,12,153.24,8917,438,4425
207,2016-02-14,2016-02-25,89.84,6,539.04,8918,999,17035
208,2016-02-16,2016-02-25,8.95,10,89.5,8956,168,7245
209,2016-02-16,2016-02-25,10.39,35,363.65,8956,77,7245
210,2016-02-16,2016-02-23,10.39,12,124.68,8956,77,7245
211,2016-02-15,2016-02-25,35.15,6,210.9,8935,782,7239
212,2016-02-15,2016-02-23,35.15,6,210.9,8935,782,7239
213,2016-02-18,2016-02-25,30.21,30,906.3,8994,233,3664
214,2016-02-24,2016-03-04,36.5,6,219.0,9062,743,480
215,2016-02-24,2016-03-03,7.19,12,86.28,9062,810,480
216,2016-02-21,2016-03-03,9.48,17,161.16,9017,1231,1128
217,2016-02-21,2016-03-01,21.89,6,131.34,9017,1220,1128
218,2016-02-21,2016-03-03,33.83,6,202.98,9017,1237,1128
219,2016-02-21,2016-03-03,15.93,16,254.88,9017,1232,1128
220,2016-02-21,2016-03-01,15.93,9,143.37,9017,1232,1128
221,2016-02-26,2016-03-03,7.96,11,87.56,9098,538,2555
222,2016-02-25,2016-03-03,10.76,12,129.12,9087,1397,12546
223,2016-02-25,2016-03-01,11.5,11,126.5,9087,1375,12546
224,2016-02-25,2016-03-03,8.65,10,86.5,9087,676,12546
225,2016-02-25,2016-03-03,11.5,10,115.0,9087,1375,12546
226,2016-02-25,2016-03-05,10.76,11,118.36,9087,1397,12546
227,2016-02-25,2016-03-04,11.84,12,142.08,9087,1348,12546
228,2016-02-25,2016-03-03,7.08,23,162.84,9087,1378,12546
229,2016-02-25,2016-03-03,10.36,12,124.32,9087,1373,12546
230,2016-02-25,2016-03-01,11.41,12,136.92,9087,1379,12546
231,2016-02-25,2016-03-04,20.45,213,4355.85,9087,1385,12546
232,2016-02-25,2016-03-03,20.45,34,695.3,9087,1385,12546
233,2016-02-25,2016-03-01,20.45,11,224.95,9087,1385,12546
234,2016-02-26,2016-03-03,19.83,6,118.98,9104,211,4425
235,2016-02-24,2016-03-03,9.62,12,115.44,9073,79,7245
236,2016-02-24,2016-03-03,10.39,12,124.68,9073,77,7245
237,2016-02-23,2016-03-04,18.7,6,112.2,9052,1282,660
238,2016-02-24,2016-03-04,14.95,6,89.7,9081,686,9165
239,2016-02-28,2016-03-08,24.45,5,122.25,9113,443,480
240,2016-03-03,2016-03-09,15.93,2,31.86,9181,1232,1128
241,2016-03-03,2016-03-12,15.93,4,63.72,9181,1232,1128
242,2016-03-03,2016-03-08,9.48,21,199.08,9181,1231,1128
243,2016-03-03,2016-03-08,15.93,22,350.46,9181,1232,1128
244,2016-03-03,2016-03-08,21.89,6,131.34,9181,1220,1128
245,2016-03-04,2016-03-08,18.93,12,227.16,9199,1384,3960
246,2016-02-28,2016-03-08,17.98,6,107.88,9116,1186,3924
247,2016-02-28,2016-03-09,10.36,11,113.96,9118,1373,12546
248,2016-02-28,2016-03-08,10.39,12,124.68,9118,1415,12546
249,2016-02-28,2016-03-09,11.5,9,103.5,9118,1375,12546
250,2016-02-28,2016-03-10,11.84,12,142.08,9118,1348,12546
251,2016-02-28,2016-03-10,44.44,48,2133.12,9118,1309,12546
252,2016-02-28,2016-03-10,5.88,11,64.68,9118,1395,12546
253,2016-02-28,2016-03-08,11.41,12,136.92,9118,1379,12546
254,2016-02-28,2016-03-10,7.08,22,155.76,9118,1378,12546
255,2016-02-28,2016-03-09,0.93,120,111.6,9118,1366,12546
256,2016-03-02,2016-03-12,26.8,3,80.4,9173,175,7245
257,2016-02-28,2016-03-10,35.15,6,210.9,9123,782,7239
258,2016-02-28,2016-03-08,35.15,4,140.6,9123,782,7239
259,2016-03-01,2016-03-08,40.59,12,487.08,9157,1398,8004
260,2016-03-02,2016-03-08,9.28,6,55.68,9174,58,8320
261,2016-03-06,2016-03-16,7.99,11,87.89,9213,802,480
262,2016-03-06,2016-03-19,7.19,12,86.28,9213,810,480
263,2016-03-06,2016-03-16,15.93,18,286.74,9215,1232,1128
264,2016-03-06,2016-03-18,15.93,8,127.44,9215,1232,1128
265,2016-03-06,2016-03-19,21.89,5,109.45,9215,1220,1128
266,2016-03-06,2016-03-16,21.89,5,109.45,9215,1220,1128
267,2016-03-06,2016-03-16,9.48,22,208.56,9215,1231,1128
268,2016-03-06,2016-03-16,28.67,6,172.02,9215,62,1128
269,2016-03-10,2016-03-19,19.11,5,95.55,9281,1269,1485
270,2016-03-10,2016-03-16,19.11,3,57.33,9281,1269,1485
271,2016-03-11,2016-03-16,18.93,10,189.3,9302,1384,3960
272,2016-03-09,2016-03-19,7.96,9,71.64,9259,538,2555
273,2016-03-07,2016-03-16,7.83,10,78.3,9231,1178,3924
274,2016-03-11,2016-03-16,12.68,11,139.48,9305,1394,12546
275,2016-03-11,2016-03-19,7.08,22,155.76,9305,1378,12546
276,2016-03-11,2016-03-18,5.88,9,52.92,9305,1395,12546
277,2016-03-11,2016-03-18,11.41,11,125.51,9305,1379,12546
278,2016-03-11,2016-03-16,11.5,7,80.5,9305,1375,12546
279,2016-03-11,2016-03-19,11.84,12,142.08,9305,1348,12546
280,2016-03-11,2016-03-16,8.65,11,95.15,9305,676,12546
281,2016-03-09,2016-03-16,15.62,6,93.72,9263,1135,8352
282,2016-03-08,2016-03-16,23.01,6,138.06,9252,1133,8112
283,2016-03-11,2016-03-16,9.62,11,105.82,9311,79,7245
284,2016-03-07,2016-03-19,35.15,1,35.15,9236,782,7239
285,2016-03-10,2016-03-16,26.08,5,130.4,9298,934,9165
286,2016-03-18,2016-03-22,15.93,24,382.32,9390,1232,1128
287,2016-03-18,2016-03-25,15.93,6,95.58,9390,1232,1128
288,2016-03-18,2016-03-22,9.48,23,218.04,9390,1231,1128
289,2016-03-18,2016-03-24,33.83,6,202.98,9390,1237,1128
290,2016-03-13,2016-03-23,9.69,12,116.28,9320,1424,3960
291,2016-03-18,2016-03-23,10.76,11,118.36,9398,1397,12546
292,2016-03-18,2016-03-22,11.5,11,126.5,9398,1375,12546
293,2016-03-18,2016-03-23,8.65,11,95.15,9398,676,12546
294,2016-03-18,2016-03-23,10.36,11,113.96,9398,1373,12546
295,2016-03-13,2016-03-25,8.95,12,107.4,9327,168,7245
296,2016-03-18,2016-03-25,35.15,2,70.3,9405,782,7239
297,2016-03-18,2016-03-22,35.15,6,210.9,9405,782,7239
298,2016-03-18,2016-03-22,18.7,6,112.2,9407,1282,660
299,2016-03-16,2016-03-23,27.68,5,138.4,9370,192,3664
300,2016-03-20,2016-04-01,24.45,5,122.25,9415,443,480
301,2016-03-20,2016-03-31,9.48,24,227.52,9416,1231,1128
302,2016-03-20,2016-03-29,21.89,6,131.34,9416,1220,1128
303,2016-03-20,2016-03-31,15.93,7,111.51,9416,1232,1128
304,2016-03-20,2016-03-29,15.93,120,1911.6,9416,1232,1128
305,2016-03-25,2016-03-29,12.97,9,116.73,9506,408,11567
306,2016-03-25,2016-03-29,19.11,36,687.96,9507,1269,1485
307,2016-03-25,2016-03-31,37.59,6,225.54,9507,1271,1485
308,2016-03-22,2016-03-31,7.96,12,95.52,9452,538,2555
309,2016-03-24,2016-04-02,7.83,12,93.96,9497,1178,3924
310,2016-03-24,2016-03-29,21.73,6,130.38,9497,653,3924
311,2016-03-20,2016-03-31,22.55,5,112.75,9420,1346,12546
312,2016-03-20,2016-03-29,22.55,18,405.9,9420,1346,12546
313,2016-03-20,2016-03-29,21.87,17,371.79,9420,1359,12546
314,2016-03-20,2016-03-29,11.84,11,130.24,9420,1348,12546
315,2016-03-20,2016-04-01,28.45,4,113.8,9420,1345,12546
316,2016-03-20,2016-03-29,5.88,11,64.68,9420,1395,12546
317,2016-03-20,2016-04-02,8.65,11,95.15,9420,676,12546
318,2016-03-20,2016-03-29,10.39,11,114.29,9420,1415,12546
319,2016-03-20,2016-03-29,7.08,22,155.76,9420,1378,12546
320,2016-03-20,2016-03-31,12.68,12,152.16,9420,1394,12546
321,2016-03-20,2016-03-31,10.76,12,129.12,9420,1397,12546
322,2016-03-23,2016-04-02,19.83,6,118.98,9481,211,4425
323,2016-03-23,2016-03-29,12.77,12,153.24,9481,438,4425
324,2016-03-23,2016-04-02,12.79,6,76.74,9483,435,7153
325,2016-03-24,2016-03-29,10.39,12,124.68,9499,77,7245
326,2016-03-25,2016-03-29,35.15,6,210.9,9511,782,7239
327,2016-03-25,2016-03-31,35.15,6,210.9,9511,782,7239
328,2016-03-20,2016-03-31,9.28,6,55.68,9428,58,8320
329,2016-03-20,2016-03-29,24.63,6,147.78,9429,463,653
330,2016-03-21,2016-03-29,26.08,6,156.48,9445,934,9165
331,2016-03-21,2016-03-31,16.15,10,161.5,9445,966,9165
332,2016-03-21,2016-03-31,23.01,6,138.06,9445,513,9165
333,2016-03-21,2016-03-31,13.86,6,83.16,9445,680,9165
334,2016-03-23,2016-03-29,19.99,6,119.94,9490,1226,9625
335,2016-03-21,2016-04-02,53.43,3,160.29,9448,284,3664
336,2016-03-28,2016-04-06,7.99,12,95.88,9533,802,480
337,2016-03-28,2016-04-06,7.19,12,86.28,9533,810,480
338,2016-03-27,2016-04-06,9.48,20,189.6,9521,1231,1128
339,2016-03-27,2016-04-05,21.89,6,131.34,9521,1220,1128
340,2016-03-27,2016-04-05,15.93,11,175.23,9521,1232,1128
341,2016-03-27,2016-04-05,30.46,6,182.76,9521,63,1128
342,2016-03-27,2016-04-06,15.93,1,15.93,9521,1232,1128
343,2016-03-27,2016-04-08,21.89,3,65.67,9521,1220,1128
344,2016-03-27,2016-04-08,15.93,7,111.51,9521,1232,1128
345,2016-03-30,2016-04-05,19.11,6,114.66,9563,1269,1485
346,2016-04-01,2016-04-06,14.28,6,85.68,9605,361,12546
347,2016-04-01,2016-04-06,5.88,10,58.8,9605,1395,12546
348,2016-04-01,2016-04-06,10.36,11,113.96,9605,1373,12546
349,2016-04-01,2016-04-06,22.55,10,225.5,9605,1346,12546
350,2016-04-01,2016-04-06,17.03,12,204.36,9605,1258,12546
351,2016-04-01,2016-04-07,7.08,22,155.76,9605,1378,12546
352,2016-04-01,2016-04-06,21.87,17,371.79,9605,1359,12546
353,2016-04-01,2016-04-06,13.95,12,167.4,9605,757,12546
354,2016-04-01,2016-04-07,11.41,11,125.51,9605,1379,12546
355,2016-03-30,2016-04-05,29.92,6,179.52,9571,1094,9552
356,2016-03-28,2016-04-06,19.52,6,117.12,9539,450,4425
357,2016-03-31,2016-04-08,35.15,6,210.9,9593,782,7239
358,2016-04-01,2016-04-06,24.99,6,149.94,9614,892,653
359,2016-04-05,2016-04-15,24.45,6,146.7,9658,443,480
360,2016-04-06,2016-04-12,15.93,10,159.3,9672,1232,1128
361,2016-04-06,2016-04-15,15.93,7,111.51,9672,1232,1128
362,2016-04-06,2016-04-15,21.89,5,109.45,9672,1220,1128
363,2016-04-06,2016-04-12,28.67,6,172.02,9672,62,1128
364,2016-04-06,2016-04-15,9.48,18,170.64,9672,1231,1128
365,2016-04-03,2016-04-12,9.69,12,116.28,9624,1424,3960
366,2016-04-03,2016-04-12,7.96,11,87.56,9625,538,2555
367,2016-04-08,2016-04-12,22.55,6,135.3,9708,1346,12546
368,2016-04-08,2016-04-12,11.84,11,130.24,9708,1348,12546
369,2016-04-08,2016-04-12,11.5,10,115.0,9708,1375,12546
370,2016-04-08,2016-04-15,28.45,5,142.25,9708,1345,12546
371,2016-04-08,2016-04-15,5.88,10,58.8,9708,1395,12546
372,2016-04-03,2016-04-15,10.39,12,124.68,9635,77,7245
373,2016-04-03,2016-04-15,9.62,12,115.44,9635,79,7245
374,2016-04-13,2016-04-20,15.93,9,143.37,9763,1232,1128
375,2016-04-13,2016-04-19,15.93,22,350.46,9763,1232,1128
376,2016-04-13,2016-04-22,30.46,6,182.76,9763,63,1128
377,2016-04-13,2016-04-20,21.89,5,109.45,9763,1220,1128
378,2016-04-13,2016-04-19,7.83,11,86.13,9770,1178,3924
379,2016-04-13,2016-04-19,8.65,12,103.8,9772,676,12546
380,2016-04-13,2016-04-19,10.39,12,124.68,9772,1415,12546
381,2016-04-13,2016-04-19,22.55,6,135.3,9772,1346,12546
382,2016-04-13,2016-04-20,31.0,6,186.0,9772,525,12546
383,2016-04-13,2016-04-22,5.88,11,64.68,9772,1395,12546
384,2016-04-13,2016-04-20,28.45,4,113.8,9772,1345,12546
385,2016-04-13,2016-04-22,11.41,11,125.51,9772,1379,12546
386,2016-04-13,2016-04-22,12.68,9,114.12,9772,1394,12546
387,2016-04-10,2016-04-19,26.8,3,80.4,9726,175,7245
388,2016-04-10,2016-04-20,8.95,12,107.4,9726,168,7245
389,2016-04-10,2016-04-20,19.22,12,230.64,9726,1464,7245
390,2016-04-10,2016-04-20,35.15,6,210.9,9727,782,7239
391,2016-04-10,2016-04-22,35.15,3,105.45,9727,782,7239
392,2016-04-12,2016-04-19,9.28,6,55.68,9757,58,8320
393,2016-04-12,2016-04-19,16.15,12,193.8,9759,966,9165
394,2016-04-11,2016-04-20,27.68,6,166.08,9747,192,3664
395,2016-04-19,2016-04-27,7.19,12,86.28,9847,810,480
396,2016-04-19,2016-04-28,21.89,5,109.45,9848,1220,1128
397,2016-04-19,2016-04-27,9.48,22,208.56,9848,1231,1128
398,2016-04-19,2016-04-28,15.93,2,31.86,9848,1232,1128
399,2016-04-19,2016-04-27,15.93,36,573.48,9848,1232,1128
400,2016-04-21,2016-04-28,18.97,66,1252.02,9887,376,11567
401,2016-04-22,2016-04-28,18.93,24,454.32,9904,1384,3960
402,2016-04-17,2016-04-28,7.96,10,79.6,9820,538,2555
403,2016-04-22,2016-04-28,11.84,11,130.24,9907,1348,12546
404,2016-04-22,2016-04-27,14.7,36,529.2,9907,173,12546
405,2016-04-22,2016-04-28,10.36,9,93.24,9907,1373,12546
406,2016-04-22,2016-04-27,11.5,10,115.0,9907,1375,12546
407,2016-04-22,2016-04-28,11.5,10,115.0,9907,1375,12546
408,2016-04-22,2016-04-27,7.08,22,155.76,9907,1378,12546
409,2016-04-18,2016-04-27,20.6,6,123.6,9838,1296,4425
410,2016-04-17,2016-04-28,19.99,6,119.94,9831,1226,9625
411,2016-04-25,2016-05-05,7.99,12,95.88,9929,802,480
412,2016-04-25,2016-05-05,24.45,6,146.7,9929,443,480
413,2016-04-25,2016-05-05,36.5,6,219.0,9929,743,480
414,2016-04-29,2016-05-03,9.48,22,208.56,10001,1231,1128
415,2016-04-29,2016-05-03,28.67,3,86.01,10001,62,1128
416,2016-04-24,2016-05-05,7.96,10,79.6,9920,538,2555
417,2016-04-29,2016-05-05,10.76,12,129.12,10007,1397,12546
418,2016-04-29,2016-05-03,14.28,6,85.68,10007,361,12546
419,2016-04-29,2016-05-05,12.68,11,139.48,10007,1394,12546
420,2016-04-29,2016-05-05,11.5,16,184.0,10007,1375,12546
421,2016-04-29,2016-05-03,28.45,6,170.7,10007,1345,12546
422,2016-04-29,2016-05-03,8.65,11,95.15,10007,676,12546
423,2016-04-29,2016-05-03,5.88,12,70.56,10007,1395,12546
424,2016-04-29,2016-05-05,10.39,9,93.51,10007,1415,12546
425,2016-04-29,2016-05-05,11.41,12,136.92,10007,1379,12546
426,2016-04-26,2016-05-07,15.62,4,62.48,9961,1135,8352
427,2016-04-29,2016-05-05,3.56,120,427.2,10014,1238,17035
428,2016-04-29,2016-05-03,89.84,6,539.04,10014,999,17035
429,2016-04-27,2016-05-03,9.62,11,105.82,9977,79,7245
430,2016-04-26,2016-05-05,35.15,5,175.75,9964,782,7239
431,2016-04-24,2016-05-03,18.7,6,112.2,9925,1282,660
432,2016-04-28,2016-05-05,20.63,18,371.34,9995,984,9165
433,2016-04-28,2016-05-03,21.73,6,130.38,9998,555,3664
434,2016-04-28,2016-05-05,27.68,5,138.4,9998,192,3664
435,2016-05-02,2016-05-13,28.67,6,172.02,10035,62,1128
436,2016-05-02,2016-05-11,30.46,6,182.76,10035,63,1128
437,2016-05-02,2016-05-10,9.48,20,189.6,10035,1231,1128
438,2016-05-02,2016-05-13,9.48,15,142.2,10035,1231,1128
439,2016-05-02,2016-05-10,21.89,6,131.34,10035,1220,1128
440,2016-05-02,2016-05-11,21.89,4,87.56,10035,1220,1128
441,2016-05-01,2016-05-12,9.69,12,116.28,10023,1424,3960
442,2016-05-06,2016-05-11,7.83,10,78.3,10101,1178,3924
443,2016-05-06,2016-05-11,21.73,5,108.65,10101,653,3924
444,2016-05-05,2016-05-10,11.5,11,126.5,10087,1375,12546
445,2016-05-05,2016-05-10,5.88,12,70.56,10087,1395,12546
446,2016-05-05,2016-05-13,10.36,12,124.32,10087,1373,12546
447,2016-05-05,2016-05-11,11.5,7,80.5,10087,1375,12546
448,2016-05-05,2016-05-10,2.18,120,261.6,10087,1389,12546
449,2016-05-05,2016-05-10,2.59,59,152.81,10087,1355,12546
450,2016-05-05,2016-05-11,8.65,11,95.15,10087,676,12546
451,2016-05-05,2016-05-11,7.08,21,148.68,10087,1378,12546
452,2016-05-04,2016-05-10,19.83,6,118.98,10068,211,4425
453,2016-05-04,2016-05-10,35.15,6,210.9,10072,782,7239
454,2016-05-06,2016-05-10,40.59,6,243.54,10109,1398,8004
455,2016-05-02,2016-05-10,25.36,6,152.16,10051,515,9165
456,2016-05-02,2016-05-11,16.15,12,193.8,10051,966,9165
457,2016-05-02,2016-05-10,26.08,6,156.48,10051,934,9165
458,2016-05-02,2016-05-11,23.01,6,138.06,10051,513,9165
459,2016-05-04,2016-05-12,19.99,6,119.94,10079,1226,9625
460,2016-05-12,2016-05-18,24.45,6,146.7,10187,443,480
461,2016-05-13,2016-05-20,21.89,6,131.34,10201,1220,1128
462,2016-05-13,2016-05-18,9.48,22,208.56,10201,1231,1128
463,2016-05-10,2016-05-18,12.97,11,142.67,10153,408,11567
464,2016-05-12,2016-05-18,37.59,6,225.54,10188,1271,1485
465,2016-05-09,2016-05-20,9.69,1,9.69,10126,1424,3960
466,2016-05-11,2016-05-19,7.96,12,95.52,10173,538,2555
467,2016-05-09,2016-05-17,12.68,9,114.12,10132,1394,12546
468,2016-05-09,2016-05-18,10.39,12,124.68,10132,1415,12546
469,2016-05-09,2016-05-17,11.5,10,115.0,10132,1375,12546
470,2016-05-09,2016-05-18,39.99,6,239.94,10132,1239,12546
471,2016-05-09,2016-05-20,0.93,17,15.81,10132,1366,12546
472,2016-05-09,2016-05-17,14.28,6,85.68,10132,361,12546
473,2016-05-09,2016-05-19,11.41,10,114.1,10132,1379,12546
474,2016-05-13,2016-05-20,15.62,6,93.72,10205,1135,8352
475,2016-05-13,2016-05-20,54.68,3,164.04,10210,384,8112
476,2016-05-11,2016-05-20,3.56,1,3.56,10179,1238,17035
477,2016-05-13,2016-05-18,26.8,3,80.4,10213,175,7245
478,2016-05-13,2016-05-18,9.62,12,115.44,10213,79,7245
479,2016-05-08,2016-05-18,35.15,6,210.9,10122,782,7239
480,2016-05-12,2016-05-20,24.99,6,149.94,10197,892,653
481,2016-05-12,2016-05-17,39.69,6,238.14,10200,283,3664
482,2016-05-16,2016-05-26,36.5,5,182.5,10240,743,480
483,2016-05-15,2016-05-24,9.48,23,218.04,10224,1231,1128
484,2016-05-15,2016-05-24,21.89,4,87.56,10224,1220,1128
485,2016-05-15,2016-05-25,33.83,6,202.98,10224,1237,1128
486,2016-05-20,2016-05-25,19.11,23,439.53,10312,1269,1485
487,2016-05-17,2016-05-25,9.69,12,116.28,10260,1424,3960
488,2016-05-16,2016-05-26,17.98,7,125.86,10243,1186,3924
489,2016-05-19,2016-05-25,12.68,11,139.48,10295,1394,12546
490,2016-05-19,2016-05-24,7.08,17,120.36,10295,1378,12546
491,2016-05-19,2016-05-25,11.41,10,114.1,10295,1379,12546
492,2016-05-19,2016-05-25,22.55,12,270.6,10295,1346,12546
493,2016-05-19,2016-05-24,11.84,12,142.08,10295,1348,12546
494,2016-05-19,2016-05-24,11.5,10,115.0,10295,1375,12546
495,2016-05-19,2016-05-26,28.45,6,170.7,10295,1345,12546
496,2016-05-19,2016-05-24,8.65,10,86.5,10295,676,12546
497,2016-05-16,2016-05-24,13.79,12,165.48,10245,753,90032
498,2016-05-16,2016-05-26,89.84,3,269.52,10248,999,17035
499,2016-05-19,2016-05-24,12.79,6,76.74,10303,435,7153
500,2016-05-17,2016-05-26,8.95,13,116.35,10267,168,7245
501,2016-05-17,2016-05-24,8.95,11,98.45,10267,168,7245
502,2016-05-17,2016-05-24,10.39,10,103.9,10267,77,7245
503,2016-05-15,2016-05-25,35.15,6,210.9,10233,782,7239
504,2016-05-15,2016-05-24,35.15,6,210.9,10233,782,7239
505,2016-05-19,2016-05-25,13.86,18,249.48,10309,680,9165
506,2016-05-19,2016-05-26,25.36,8,202.88,10309,515,9165
507,2016-05-19,2016-05-25,14.95,18,269.1,10309,686,9165
508,2016-05-19,2016-05-26,14.95,6,89.7,10309,686,9165
509,2016-05-20,2016-05-24,27.68,6,166.08,10324,192,3664
510,2016-05-22,2016-06-03,36.5,6,219.0,10325,743,480
511,2016-05-22,2016-06-02,7.99,12,95.88,10325,802,480
512,2016-05-22,2016-06-02,24.45,17,415.65,10325,443,480
513,2016-05-22,2016-06-03,24.45,5,122.25,10325,443,480
514,2016-05-25,2016-06-02,9.48,22,208.56,10378,1231,1128
515,2016-05-25,2016-06-03,21.89,4,87.56,10378,1220,1128
516,2016-05-25,2016-06-02,21.89,6,131.34,10378,1220,1128
517,2016-05-25,2016-06-02,15.93,28,446.04,10378,1232,1128
518,2016-05-25,2016-06-03,15.93,5,79.65,10378,1232,1128
519,2016-05-25,2016-06-02,28.67,5,143.35,10378,62,1128
520,2016-05-23,2016-06-02,19.11,6,114.66,10348,1269,1485
521,2016-05-23,2016-06-02,7.96,11,87.56,10350,538,2555
522,2016-05-22,2016-06-02,9.99,11,109.89,10332,661,12546
523,2016-05-22,2016-06-02,17.03,12,204.36,10332,1258,12546
524,2016-05-22,2016-06-02,5.88,11,64.68,10332,1395,12546
525,2016-05-22,2016-06-02,11.5,12,138.0,10332,1375,12546
526,2016-05-22,2016-06-03,11.5,12,138.0,10332,1375,12546
527,2016-05-22,2016-06-02,10.39,12,124.68,10332,1415,12546
528,2016-05-22,2016-06-02,8.65,10,86.5,10332,676,12546
529,2016-05-22,2016-06-02,22.55,11,248.05,10332,1346,12546
530,2016-05-25,2016-06-03,19.52,6,117.12,10384,450,4425
531,2016-05-25,2016-06-02,9.62,11,105.82,10389,79,7245
532,2016-05-24,2016-06-02,35.15,5,175.75,10370,782,7239
533,2016-05-22,2016-06-02,26.08,6,156.48,10344,934,9165
534,2016-06-02,2016-06-06,36.5,7,255.5,10497,743,480
535,2016-06-01,2016-06-07,33.83,96,3247.68,10480,1237,1128
536,2016-06-01,2016-06-07,15.93,12,191.16,10480,1232,1128
537,2016-06-01,2016-06-08,15.93,5,79.65,10480,1232,1128
538,2016-06-01,2016-06-08,21.89,4,87.56,10480,1220,1128
539,2016-06-01,2016-06-09,9.48,23,218.04,10480,1231,1128
540,2016-06-01,2016-06-10,15.93,1,15.93,10480,1232,1128
541,2016-05-29,2016-06-08,19.11,5,95.55,10428,1269,1485
542,2016-05-31,2016-06-11,7.96,1,7.96,10469,538,2555
543,2016-05-30,2016-06-10,7.83,11,86.13,10450,1178,3924
544,2016-05-30,2016-06-08,0.93,120,111.6,10451,1366,12546
545,2016-05-30,2016-06-07,7.08,24,169.92,10451,1378,12546
546,2016-05-30,2016-06-07,39.99,6,239.94,10451,1239,12546
547,2016-05-30,2016-06-08,28.45,6,170.7,10451,1345,12546
548,2016-05-30,2016-06-07,8.65,10,86.5,10451,676,12546
549,2016-05-30,2016-06-08,14.28,5,71.4,10451,361,12546
550,2016-06-01,2016-06-08,29.92,6,179.52,10488,1094,9552
551,2016-06-03,2016-06-10,9.62,7,67.34,10525,79,7245
552,2016-06-03,2016-06-09,35.15,6,210.9,10526,782,7239
553,2016-05-30,2016-06-09,9.28,4,37.12,10457,58,8320
554,2016-06-05,2016-06-15,21.89,4,87.56,10534,1220,1128
555,2016-06-05,2016-06-14,15.93,24,382.32,10534,1232,1128
556,2016-06-05,2016-06-15,15.93,7,111.51,10534,1232,1128
557,2016-06-05,2016-06-16,21.89,4,87.56,10534,1220,1128
558,2016-06-10,2016-06-15,19.11,5,95.55,10615,1269,1485
559,2016-06-07,2016-06-14,9.69,12,116.28,10566,1424,3960
560,2016-06-08,2016-06-17,7.96,12,95.52,10584,538,2555
561,2016-06-09,2016-06-17,5.88,9,52.92,10603,1395,12546
562,2016-06-09,2016-06-14,11.5,11,126.5,10603,1375,12546
563,2016-06-09,2016-06-14,22.55,6,135.3,10603,1346,12546
564,2016-06-09,2016-06-15,12.68,11,139.48,10603,1394,12546
565,2016-06-09,2016-06-14,11.84,11,130.24,10603,1348,12546
566,2016-06-09,2016-06-15,8.65,12,103.8,10603,676,12546
567,2016-06-09,2016-06-16,11.41,12,136.92,10603,1379,12546
568,2016-06-07,2016-06-14,19.83,6,118.98,10573,211,4425
569,2016-06-06,2016-06-14,40.59,6,243.54,10557,1398,8004
570,2016-06-06,2016-06-15,18.7,6,112.2,10558,1282,660
571,2016-06-10,2016-06-14,9.28,6,55.68,10626,58,8320
572,2016-06-14,2016-06-23,24.45,5,122.25,10665,443,480
573,2016-06-14,2016-06-22,9.48,18,170.64,10666,1231,1128
574,2016-06-14,2016-06-22,28.67,6,172.02,10666,62,1128
575,2016-06-14,2016-06-22,21.89,5,109.45,10666,1220,1128
576,2016-06-14,2016-06-22,15.93,34,541.62,10666,1232,1128
577,2016-06-17,2016-06-22,19.11,6,114.66,10715,1269,1485
578,2016-06-15,2016-06-23,21.73,6,130.38,10683,653,3924
579,2016-06-15,2016-06-22,7.83,11,86.13,10683,1178,3924
580,2016-06-13,2016-06-22,8.65,11,95.15,10654,676,12546
581,2016-06-13,2016-06-22,10.39,12,124.68,10654,1415,12546
582,2016-06-13,2016-06-22,7.08,21,148.68,10654,1378,12546
583,2016-06-13,2016-06-22,11.5,11,126.5,10654,1375,12546
584,2016-06-13,2016-06-22,22.55,6,135.3,10654,1346,12546
585,2016-06-13,2016-06-22,28.45,6,170.7,10654,1345,12546
586,2016-06-15,2016-06-23,45.45,6,272.7,10687,942,8112
587,2016-06-17,2016-06-24,12.79,6,76.74,10724,435,7153
588,2016-06-12,2016-06-22,9.62,9,86.58,10637,79,7245
589,2016-06-16,2016-06-23,19.99,6,119.94,10713,1226,9625
590,2016-06-12,2016-06-22,27.68,6,166.08,10643,192,3664
591,2016-06-22,2016-06-29,7.99,12,95.88,10778,802,480
592,2016-06-20,2016-06-28,30.46,6,182.76,10753,63,1128
593,2016-06-20,2016-06-29,28.67,6,172.02,10753,62,1128
594,2016-06-20,2016-06-28,15.93,11,175.23,10753,1232,1128
595,2016-06-20,2016-06-28,28.67,6,172.02,10753,62,1128
596,2016-06-20,2016-06-29,15.93,8,127.44,10753,1232,1128
597,2016-06-20,2016-06-28,21.89,5,109.45,10753,1220,1128
598,2016-06-20,2016-06-29,9.48,21,199.08,10753,1231,1128
599,2016-06-20,2016-06-28,18.93,12,227.16,10754,1384,3960
600,2016-06-20,2016-06-28,9.69,12,116.28,10754,1424,3960
601,2016-06-24,2016-06-29,2.59,58,150.22,10820,1355,12546
602,2016-06-24,2016-06-28,14.28,6,85.68,10820,361,12546
603,2016-06-24,2016-06-29,28.45,5,142.25,10820,1345,12546
604,2016-06-24,2016-06-29,5.88,11,64.68,10820,1395,12546
605,2016-06-24,2016-06-28,8.65,12,103.8,10820,676,12546
606,2016-06-24,2016-06-28,11.84,12,142.08,10820,1348,12546
607,2016-06-20,2016-06-28,12.77,12,153.24,10757,438,4425
608,2016-06-22,2016-06-29,12.79,5,63.95,10788,435,7153
609,2016-06-19,2016-06-28,16.15,11,177.65,10751,966,9165
610,2016-06-19,2016-06-28,23.01,6,138.06,10751,513,9165
611,2016-06-25,2016-07-01,15.93,4,63.72,10839,1232,1128
612,2016-06-25,2016-07-01,7.96,11,87.56,10852,538,2555
613,2016-06-25,2016-07-01,20.45,47,961.15,10864,1385,12546
614,2016-06-25,2016-07-01,19.83,5,99.15,10875,211,4425
615,2016-06-25,2016-07-01,12.79,23,294.17,10887,435,7153
616,2016-06-25,2016-07-01,8.95,11,98.45,10890,168,7245
617,2016-06-29,2016-07-06,15.93,9,143.37,10971,1232,1128
618,2016-06-29,2016-07-08,15.93,4,63.72,10971,1232,1128
619,2016-06-29,2016-07-05,15.93,10,159.3,10971,1232,1128
620,2016-06-29,2016-07-06,9.48,22,208.56,10971,1231,1128
621,2016-06-29,2016-07-05,21.89,5,109.45,10971,1220,1128
622,2016-06-27,2016-07-06,9.69,12,116.28,10936,1424,3960
623,2016-06-27,2016-07-08,7.83,10,78.3,10937,1178,3924
624,2016-06-27,2016-07-06,11.5,11,126.5,10938,1375,12546
625,2016-06-27,2016-07-06,8.65,10,86.5,10938,676,12546
626,2016-06-27,2016-07-06,14.28,5,71.4,10938,361,12546
627,2016-06-27,2016-07-05,9.99,12,119.88,10938,661,12546
628,2016-06-27,2016-07-07,7.08,23,162.84,10938,1378,12546
629,2016-06-27,2016-07-08,5.88,9,52.92,10938,1395,12546
630,2016-06-27,2016-07-05,13.95,12,167.4,10938,757,12546
631,2016-06-27,2016-07-08,11.84,12,142.08,10938,1348,12546
632,2016-06-27,2016-07-05,8.65,11,95.15,10938,676,12546
633,2016-06-27,2016-07-08,20.45,10,204.5,10938,1385,12546
634,2016-06-27,2016-07-05,14.28,6,85.68,10938,361,12546
635,2016-06-27,2016-07-05,28.45,6,170.7,10938,1345,12546
636,2016-06-27,2016-07-08,11.41,10,114.1,10938,1379,12546
637,2016-06-27,2016-07-05,19.52,6,117.12,10943,450,4425
638,2016-07-01,2016-07-05,9.62,12,115.44,11016,79,7245
639,2016-06-29,2016-07-06,35.15,6,210.9,10976,782,7239
640,2016-06-30,2016-07-05,24.99,6,149.94,10994,892,653
641,2016-06-27,2016-07-05,26.08,6,156.48,10947,934,9165
642,2016-06-27,2016-07-06,6.29,48,301.92,10947,426,9165
643,2016-06-29,2016-07-08,27.68,6,166.08,10981,192,3664
644,2016-06-29,2016-07-05,21.73,6,130.38,10981,555,3664
645,2016-07-05,2016-07-15,36.5,6,219.0,11067,743,480
646,2016-07-08,2016-07-14,9.48,20,189.6,11109,1231,1128
647,2016-07-08,2016-07-14,21.89,6,131.34,11109,1220,1128
648,2016-07-08,2016-07-14,30.46,6,182.76,11109,63,1128
649,2016-07-08,2016-07-13,15.93,12,191.16,11109,1232,1128
650,2016-07-08,2016-07-14,15.93,7,111.51,11109,1232,1128
651,2016-07-05,2016-07-13,12.97,11,142.67,11069,408,11567
652,2016-07-03,2016-07-13,9.69,12,116.28,11028,1424,3960
653,2016-07-07,2016-07-14,11.5,10,115.0,11099,1375,12546
654,2016-07-07,2016-07-14,12.68,12,152.16,11099,1394,12546
655,2016-07-07,2016-07-13,10.39,11,114.29,11099,1415,12546
656,2016-07-07,2016-07-12,8.65,1,8.65,11099,676,12546
657,2016-07-07,2016-07-14,8.65,10,86.5,11099,676,12546
658,2016-07-04,2016-07-14,15.62,6,93.72,11051,1135,8352
659,2016-07-08,2016-07-13,29.92,6,179.52,11114,1094,9552
660,2016-07-06,2016-07-14,8.95,12,107.4,11088,168,7245
661,2016-07-06,2016-07-13,26.8,6,160.8,11088,175,7245
662,2016-07-05,2016-07-14,18.7,6,112.2,11079,1282,660
663,2016-07-03,2016-07-13,16.15,12,193.8,11044,966,9165
664,2016-07-14,2016-07-23,7.99,11,87.89,11188,802,480
665,2016-07-15,2016-07-21,21.89,5,109.45,11208,1220,1128
666,2016-07-15,2016-07-21,15.93,9,143.37,11208,1232,1128
667,2016-07-15,2016-07-23,15.93,17,270.81,11208,1232,1128
668,2016-07-15,2016-07-23,9.48,21,199.08,11208,1231,1128
669,2016-07-14,2016-07-19,18.93,11,208.23,11191,1384,3960
670,2016-07-15,2016-07-19,14.28,5,71.4,11211,361,12546
671,2016-07-15,2016-07-19,28.45,5,142.25,11211,1345,12546
672,2016-07-15,2016-07-19,20.45,10,204.5,11211,1385,12546
673,2016-07-15,2016-07-23,11.41,11,125.51,11211,1379,12546
674,2016-07-15,2016-07-21,8.65,8,69.2,11211,676,12546
675,2016-07-15,2016-07-21,20.45,9,184.05,11211,1385,12546
676,2016-07-12,2016-07-21,19.83,5,99.15,11166,211,4425
677,2016-07-15,2016-07-19,9.62,12,115.44,11216,79,7245
678,2016-07-15,2016-07-21,35.15,12,421.8,11217,782,7239
679,2016-07-14,2016-07-19,24.63,6,147.78,11202,463,653
680,2016-07-13,2016-07-23,26.08,6,156.48,11185,934,9165
681,2016-07-22,2016-07-28,21.89,4,87.56,11311,1220,1128
682,2016-07-22,2016-07-27,21.89,6,131.34,11311,1220,1128
683,2016-07-22,2016-07-28,15.93,70,1115.1,11311,1232,1128
684,2016-07-22,2016-07-29,15.93,7,111.51,11311,1232,1128
685,2016-07-21,2016-07-27,37.59,6,225.54,11298,1271,1485
686,2016-07-20,2016-07-27,7.96,11,87.56,11282,538,2555
687,2016-07-17,2016-07-28,10.76,11,118.36,11227,1397,12546
688,2016-07-17,2016-07-27,39.99,6,239.94,11227,1239,12546
689,2016-07-17,2016-07-27,11.5,12,138.0,11227,1375,12546
690,2016-07-17,2016-07-27,20.45,36,736.2,11227,1385,12546
691,2016-07-17,2016-07-29,28.45,6,170.7,11227,1345,12546
692,2016-07-17,2016-07-28,7.08,24,169.92,11227,1378,12546
693,2016-07-17,2016-07-27,12.68,10,126.8,11227,1394,12546
694,2016-07-17,2016-07-28,11.41,12,136.92,11227,1379,12546
695,2016-07-17,2016-07-27,8.65,12,103.8,11227,676,12546
696,2016-07-17,2016-07-27,15.62,16,249.92,11230,1135,8352
697,2016-07-18,2016-07-28,35.15,12,421.8,11253,782,7239
698,2016-07-18,2016-07-28,16.15,11,177.65,11256,966,9165
699,2016-07-18,2016-07-28,23.01,5,115.05,11256,513,9165
700,2016-07-18,2016-07-28,27.68,6,166.08,11259,192,3664
701,2016-07-25,2016-08-02,24.45,6,146.7,11341,443,480
702,2016-07-27,2016-08-02,9.48,21,199.08,11382,1231,1128
703,2016-07-27,2016-08-03,21.89,6,131.34,11382,1220,1128
704,2016-07-27,2016-08-02,21.89,5,109.45,11382,1220,1128
705,2016-07-27,2016-08-03,15.93,11,175.23,11382,1232,1128
706,2016-07-27,2016-08-02,28.67,4,114.68,11382,62,1128
707,2016-07-25,2016-08-03,7.83,12,93.96,11349,1178,3924
708,2016-07-25,2016-08-02,21.73,6,130.38,11349,653,3924
709,2016-07-29,2016-08-03,10.76,10,107.6,11416,1397,12546
710,2016-07-29,2016-08-03,12.68,12,152.16,11416,1394,12546
711,2016-07-29,2016-08-03,14.28,5,71.4,11416,361,12546
712,2016-07-29,2016-08-02,5.88,10,58.8,11416,1395,12546
713,2016-07-29,2016-08-05,2.59,58,150.22,11416,1355,12546
714,2016-07-29,2016-08-03,8.65,10,86.5,11416,676,12546
715,2016-07-29,2016-08-03,9.99,12,119.88,11416,661,12546
716,2016-07-29,2016-08-03,11.84,12,142.08,11416,1348,12546
717,2016-07-29,2016-08-03,11.5,12,138.0,11416,1375,12546
718,2016-07-29,2016-08-02,20.45,12,245.4,11416,1385,12546
719,2016-07-29,2016-08-02,10.39,11,114.29,11416,1415,12546
720,2016-07-27,2016-08-04,15.62,6,93.72,11388,1135,8352
721,2016-07-27,2016-08-03,15.62,6,93.72,11388,1135,8352
722,2016-07-28,2016-08-04,12.79,12,153.48,11401,435,7153
723,2016-07-27,2016-08-02,8.95,12,107.4,11389,168,7245
724,2016-07-27,2016-08-04,9.62,10,96.2,11389,79,7245
725,2016-07-28,2016-08-04,35.15,5,175.75,11402,782,7239
726,2016-08-04,2016-08-12,36.5,4,146.0,11491,743,480
727,2016-08-04,2016-08-12,7.99,12,95.88,11491,802,480
728,2016-08-02,2016-08-11,9.48,22,208.56,11458,1231,1128
729,2016-08-02,2016-08-11,21.89,6,131.34,11458,1220,1128
730,2016-08-02,2016-08-12,15.93,19,302.67,11458,1232,1128
731,2016-08-02,2016-08-11,15.93,4,63.72,11458,1232,1128
732,2016-08-02,2016-08-11,28.67,5,143.35,11458,62,1128
733,2016-08-04,2016-08-12,9.69,11,106.59,11493,1424,3960
734,2016-08-01,2016-08-12,7.96,11,87.56,11445,538,2555
735,2016-08-02,2016-08-11,0.93,118,109.74,11464,1366,12546
736,2016-08-02,2016-08-11,28.45,6,170.7,11464,1345,12546
737,2016-08-02,2016-08-12,7.08,20,141.6,11464,1378,12546
738,2016-08-02,2016-08-12,22.55,6,135.3,11464,1346,12546
739,2016-08-02,2016-08-12,2.18,118,257.24,11464,1389,12546
740,2016-08-02,2016-08-14,22.55,6,135.3,11464,1346,12546
741,2016-08-02,2016-08-11,11.41,11,125.51,11464,1379,12546
742,2016-08-02,2016-08-12,20.45,10,204.5,11464,1385,12546
743,2016-08-02,2016-08-11,10.76,10,107.6,11464,1397,12546
744,2016-08-04,2016-08-12,29.92,18,538.56,11497,1094,9552
745,2016-08-03,2016-08-11,35.15,5,175.75,11484,782,7239
746,2016-08-02,2016-08-12,24.99,23,574.77,11471,892,653
747,2016-08-02,2016-08-12,24.63,18,443.34,11471,463,653
748,2016-08-01,2016-08-12,21.73,6,130.38,11456,555,3664
749,2016-08-08,2016-08-16,30.46,6,182.76,11543,63,1128
750,2016-08-08,2016-08-17,15.93,17,270.81,11543,1232,1128
751,2016-08-08,2016-08-19,21.89,6,131.34,11543,1220,1128
752,2016-08-08,2016-08-16,15.93,12,191.16,11543,1232,1128
753,2016-08-08,2016-08-17,9.48,23,218.04,11543,1231,1128
754,2016-08-08,2016-08-18,12.97,11,142.67,11545,408,11567
755,2016-08-08,2016-08-17,10.39,12,124.68,11549,1415,12546
756,2016-08-08,2016-08-17,10.76,12,129.12,11549,1397,12546
757,2016-08-08,2016-08-16,7.08,21,148.68,11549,1378,12546
758,2016-08-08,2016-08-16,14.28,5,71.4,11549,361,12546
759,2016-08-08,2016-08-16,5.88,11,64.68,11549,1395,12546
760,2016-08-08,2016-08-17,11.5,11,126.5,11549,1375,12546
761,2016-08-08,2016-08-17,20.45,9,184.05,11549,1385,12546
762,2016-08-08,2016-08-17,17.03,12,204.36,11549,1258,12546
763,2016-08-08,2016-08-19,14.28,3,42.84,11549,361,12546
764,2016-08-08,2016-08-17,8.65,12,103.8,11549,676,12546
765,2016-08-08,2016-08-19,20.45,9,184.05,11549,1385,12546
766,2016-08-08,2016-08-16,10.36,12,124.32,11549,1373,12546
767,2016-08-11,2016-08-17,19.83,6,118.98,11614,211,4425
768,2016-08-10,2016-08-19,12.79,6,76.74,11598,435,7153
769,2016-08-10,2016-08-16,12.79,5,63.95,11598,435,7153
770,2016-08-12,2016-08-16,9.62,12,115.44,11630,79,7245
771,2016-08-09,2016-08-17,35.15,6,210.9,11576,782,7239
772,2016-08-08,2016-08-16,15.74,6,94.44,11560,344,9165
773,2016-08-08,2016-08-17,16.15,12,193.8,11560,966,9165
774,2016-08-17,2016-08-24,24.45,5,122.25,11686,443,480
775,2016-08-16,2016-08-27,15.93,5,79.65,11668,1232,1128
776,2016-08-16,2016-08-24,15.93,32,509.76,11668,1232,1128
777,2016-08-17,2016-08-24,20.76,6,124.56,11687,178,11567
778,2016-08-16,2016-08-24,9.69,11,106.59,11670,1424,3960
779,2016-08-16,2016-08-27,18.93,24,454.32,11670,1384,3960
780,2016-08-17,2016-08-27,7.96,11,87.56,11688,538,2555
781,2016-08-18,2016-08-24,28.45,6,170.7,11705,1345,12546
782,2016-08-18,2016-08-26,7.08,22,155.76,11705,1378,12546
783,2016-08-18,2016-08-24,11.41,11,125.51,11705,1379,12546
784,2016-08-18,2016-08-24,22.55,8,180.4,11705,1346,12546
785,2016-08-18,2016-08-27,5.88,11,64.68,11705,1395,12546
786,2016-08-18,2016-08-24,11.5,10,115.0,11705,1375,12546
787,2016-08-18,2016-08-27,10.39,10,103.9,11705,1415,12546
788,2016-08-18,2016-08-27,10.76,34,365.84,11705,1397,12546
789,2016-08-18,2016-08-26,8.65,7,60.55,11705,676,12546
790,2016-08-18,2016-08-27,10.36,35,362.6,11705,1373,12546
791,2016-08-18,2016-08-24,14.28,6,85.68,11705,361,12546
792,2016-08-16,2016-08-24,8.95,12,107.4,11680,168,7245
793,2016-08-19,2016-08-24,35.15,6,210.9,11722,782,7239
794,2016-08-14,2016-08-24,23.01,6,138.06,11650,513,9165
795,2016-08-14,2016-08-25,20.63,3,61.89,11650,984,9165
796,2016-08-16,2016-08-26,27.68,6,166.08,11684,192,3664
797,2016-08-16,2016-08-24,21.73,6,130.38,11684,555,3664
798,2016-08-21,2016-08-30,21.89,4,87.56,11730,1220,1128
799,2016-08-21,2016-08-30,9.48,22,208.56,11730,1231,1128
800,2016-08-21,2016-09-01,15.93,8,127.44,11730,1232,1128
801,2016-08-21,2016-09-02,15.93,6,95.58,11730,1232,1128
802,2016-08-21,2016-09-01,21.89,6,131.34,11730,1220,1128
803,2016-08-22,2016-08-30,22.55,6,135.3,11755,1346,12546
804,2016-08-22,2016-08-30,11.84,12,142.08,11755,1348,12546
805,2016-08-22,2016-09-01,10.76,11,118.36,11755,1397,12546
806,2016-08-22,2016-09-02,12.68,12,152.16,11755,1394,12546
807,2016-08-22,2016-09-01,11.5,11,126.5,11755,1375,12546
808,2016-08-22,2016-09-02,8.65,8,69.2,11755,676,12546
809,2016-08-23,2016-09-01,12.77,12,153.24,11781,438,4425
810,2016-08-26,2016-08-30,9.62,11,105.82,11826,79,7245
811,2016-08-21,2016-09-01,35.15,4,140.6,11739,782,7239
812,2016-08-23,2016-09-01,37.0,6,222.0,11788,759,9165
813,2016-08-21,2016-08-30,69.76,6,418.56,11747,1228,3664
814,2016-08-30,2016-09-06,7.99,12,95.88,11859,802,480
815,2016-09-02,2016-09-09,30.46,6,182.76,11920,63,1128
816,2016-09-02,2016-09-06,9.48,22,208.56,11920,1231,1128
817,2016-09-02,2016-09-07,21.89,5,109.45,11920,1220,1128
818,2016-09-02,2016-09-06,15.93,11,175.23,11920,1232,1128
819,2016-09-02,2016-09-07,15.93,9,143.37,11920,1232,1128
820,2016-09-02,2016-09-09,28.67,6,172.02,11920,62,1128
821,2016-09-01,2016-09-06,14.59,12,175.08,11907,1386,3960
822,2016-09-01,2016-09-07,7.96,12,95.52,11908,538,2555
823,2016-08-28,2016-09-06,7.83,11,86.13,11838,1178,3924
824,2016-08-30,2016-09-06,11.41,11,125.51,11867,1379,12546
825,2016-08-30,2016-09-07,28.45,5,142.25,11867,1345,12546
826,2016-08-30,2016-09-07,22.55,6,135.3,11867,1346,12546
827,2016-08-30,2016-09-07,7.08,23,162.84,11867,1378,12546
828,2016-08-30,2016-09-07,10.39,12,124.68,11867,1415,12546
829,2016-08-30,2016-09-09,11.5,7,80.5,11867,1375,12546
830,2016-08-30,2016-09-07,10.76,12,129.12,11867,1397,12546
831,2016-08-30,2016-09-07,10.36,12,124.32,11867,1373,12546
832,2016-08-29,2016-09-07,19.22,12,230.64,11850,1464,7245
833,2016-08-29,2016-09-06,9.62,11,105.82,11850,79,7245
834,2016-09-01,2016-09-06,35.15,6,210.9,11912,782,7239
835,2016-08-29,2016-09-06,18.7,6,112.2,11852,1282,660
836,2016-08-31,2016-09-07,6.29,47,295.63,11898,426,9165
837,2016-09-05,2016-09-13,21.89,6,131.34,11954,1220,1128
838,2016-09-05,2016-09-15,15.93,5,79.65,11954,1232,1128
839,2016-09-05,2016-09-13,9.48,24,227.52,11954,1231,1128
840,2016-09-05,2016-09-13,15.93,23,366.39,11954,1232,1128
841,2016-09-07,2016-09-15,20.76,5,103.8,11994,178,11567
842,2016-09-04,2016-09-13,37.59,6,225.54,11939,1271,1485
843,2016-09-07,2016-09-15,18.93,12,227.16,11996,1384,3960
844,2016-09-09,2016-09-16,8.65,10,86.5,12028,676,12546
845,2016-09-09,2016-09-15,2.59,60,155.4,12028,1355,12546
846,2016-09-09,2016-09-13,8.65,11,95.15,12028,676,12546
847,2016-09-09,2016-09-15,5.88,11,64.68,12028,1395,12546
848,2016-09-09,2016-09-15,39.99,6,239.94,12028,1239,12546
849,2016-09-09,2016-09-13,14.28,6,85.68,12028,361,12546
850,2016-09-09,2016-09-15,11.41,12,136.92,12028,1379,12546
851,2016-09-09,2016-09-15,11.5,9,103.5,12028,1375,12546
852,2016-09-07,2016-09-16,9.62,11,105.82,12006,79,7245
853,2016-09-07,2016-09-15,8.95,12,107.4,12006,168,7245
854,2016-09-07,2016-09-13,10.39,12,124.68,12006,77,7245
855,2016-09-06,2016-09-13,35.15,5,175.75,11981,782,7239
856,2016-09-05,2016-09-15,26.08,6,156.48,11969,934,9165
857,2016-09-05,2016-09-13,16.15,9,145.35,11969,966,9165
858,2016-09-06,2016-09-15,27.68,6,166.08,11991,192,3664
859,2016-09-13,2016-09-20,15.93,22,350.46,12076,1232,1128
860,2016-09-13,2016-09-20,9.48,23,218.04,12076,1231,1128
861,2016-09-13,2016-09-21,15.93,11,175.23,12076,1232,1128
862,2016-09-13,2016-09-21,21.89,6,131.34,12076,1220,1128
863,2016-09-13,2016-09-20,21.89,5,109.45,12076,1220,1128
864,2016-09-16,2016-09-20,20.45,12,245.4,12134,1385,12546
865,2016-09-16,2016-09-20,11.5,11,126.5,12134,1375,12546
866,2016-09-16,2016-09-21,9.99,12,119.88,12134,661,12546
867,2016-09-16,2016-09-21,11.84,12,142.08,12134,1348,12546
868,2016-09-16,2016-09-23,21.87,6,131.22,12134,1359,12546
869,2016-09-16,2016-09-20,22.55,4,90.2,12134,1346,12546
870,2016-09-16,2016-09-23,22.55,4,90.2,12134,1346,12546
871,2016-09-16,2016-09-20,28.45,6,170.7,12134,1345,12546
872,2016-09-16,2016-09-21,35.15,6,210.9,12137,782,7239
873,2016-09-12,2016-09-20,9.28,6,55.68,12072,58,8320
874,2016-09-23,2016-09-29,7.99,1,7.99,12236,802,480
875,2016-09-23,2016-09-30,36.5,12,438.0,12236,743,480
876,2016-09-21,2016-09-29,9.48,20,189.6,12192,1231,1128
877,2016-09-21,2016-09-30,15.93,65,1035.45,12192,1232,1128
878,2016-09-21,2016-09-29,15.93,25,398.25,12192,1232,1128
879,2016-09-21,2016-09-29,28.67,3,86.01,12192,62,1128
880,2016-09-21,2016-09-29,21.89,9,197.01,12192,1220,1128
881,2016-09-23,2016-09-29,7.83,10,78.3,12239,1178,3924
882,2016-09-22,2016-09-29,7.08,9,63.72,12222,1378,12546
883,2016-09-22,2016-09-29,20.45,10,204.5,12222,1385,12546
884,2016-09-22,2016-09-30,28.56,18,514.08,12222,1382,12546
885,2016-09-22,2016-09-29,28.45,4,113.8,12222,1345,12546
886,2016-09-22,2016-09-29,10.39,8,83.12,12222,1415,12546
887,2016-09-22,2016-09-29,8.65,10,86.5,12222,676,12546
888,2016-09-22,2016-09-29,11.5,16,184.0,12222,1375,12546
889,2016-09-22,2016-09-29,12.68,12,152.16,12222,1394,12546
890,2016-09-22,2016-09-29,11.84,10,118.4,12222,1348,12546
891,2016-09-22,2016-09-30,21.87,29,634.23,12222,1359,12546
892,2016-09-22,2016-09-29,11.41,6,68.46,12222,1379,12546
893,2016-09-22,2016-09-30,10.36,9,93.24,12222,1373,12546
894,2016-09-22,2016-09-30,10.76,11,118.36,12222,1397,12546
895,2016-09-22,2016-09-29,44.44,3,133.32,12222,1309,12546
896,2016-09-22,2016-09-30,20.45,45,920.25,12222,1385,12546
897,2016-09-22,2016-09-29,22.55,6,135.3,12222,1346,12546
898,2016-09-21,2016-09-29,19.83,5,99.15,12201,211,4425
899,2016-09-23,2016-09-29,23.01,6,138.06,12243,1133,8112
900,2016-09-22,2016-09-29,35.15,6,210.9,12227,782,7239
901,2016-09-19,2016-09-29,53.43,1,53.43,12178,284,3664
902,2016-09-23,2016-10-01,15.93,3,47.79,12256,1232,1128
903,2016-09-25,2016-10-06,24.45,6,146.7,12312,443,480
904,2016-09-30,2016-10-07,9.48,18,170.64,12393,1231,1128
905,2016-09-30,2016-10-04,21.89,12,262.68,12393,1220,1128
906,2016-09-30,2016-10-04,9.48,22,208.56,12393,1231,1128
907,2016-09-30,2016-10-06,15.93,3,47.79,12393,1232,1128
908,2016-09-28,2016-10-07,19.11,5,95.55,12368,1269,1485
909,2016-09-28,2016-10-06,9.69,11,106.59,12369,1424,3960
910,2016-09-30,2016-10-04,7.96,12,95.52,12394,538,2555
911,2016-09-30,2016-10-07,21.73,6,130.38,12397,653,3924
912,2016-09-30,2016-10-07,7.83,12,93.96,12397,1178,3924
913,2016-09-25,2016-10-04,28.45,6,170.7,12317,1345,12546
914,2016-09-25,2016-10-07,7.08,22,155.76,12317,1378,12546
915,2016-09-25,2016-10-06,0.93,120,111.6,12317,1366,12546
916,2016-09-25,2016-10-06,10.76,23,247.48,12317,1397,12546
917,2016-09-25,2016-10-07,20.45,5,102.25,12317,1385,12546
918,2016-09-25,2016-10-04,11.5,10,115.0,12317,1375,12546
919,2016-09-25,2016-10-07,22.55,5,112.75,12317,1346,12546
920,2016-09-25,2016-10-06,10.36,11,113.96,12317,1373,12546
921,2016-09-25,2016-10-06,11.41,11,125.51,12317,1379,12546
922,2016-09-28,2016-10-07,26.8,6,160.8,12374,175,7245
923,2016-09-28,2016-10-04,9.62,12,115.44,12374,79,7245
924,2016-09-27,2016-10-06,35.15,5,175.75,12362,782,7239
925,2016-09-26,2016-10-04,6.05,24,145.2,12346,1365,8664
926,2016-09-28,2016-10-06,23.01,6,138.06,12378,513,9165
927,2016-09-28,2016-10-06,16.15,12,193.8,12378,966,9165
928,2016-09-25,2016-10-06,21.73,6,130.38,12328,555,3664
929,2016-10-04,2016-10-13,7.99,11,87.89,12455,802,480
930,2016-10-07,2016-10-13,21.89,6,131.34,12501,1220,1128
931,2016-10-07,2016-10-11,21.89,6,131.34,12501,1220,1128
932,2016-10-07,2016-10-13,30.46,6,182.76,12501,63,1128
933,2016-10-07,2016-10-14,9.48,21,199.08,12501,1231,1128
934,2016-10-07,2016-10-13,12.97,12,155.64,12502,408,11567
935,2016-10-05,2016-10-14,19.11,2,38.22,12467,1269,1485
936,2016-10-05,2016-10-11,20.45,9,184.05,12469,1385,12546
937,2016-10-05,2016-10-13,20.45,11,224.95,12469,1385,12546
938,2016-10-05,2016-10-11,14.28,6,85.68,12469,361,12546
939,2016-10-05,2016-10-13,11.84,11,130.24,12469,1348,12546
940,2016-10-05,2016-10-11,11.5,10,115.0,12469,1375,12546
941,2016-10-05,2016-10-11,28.45,5,142.25,12469,1345,12546
942,2016-10-05,2016-10-11,8.65,12,103.8,12469,676,12546
943,2016-10-05,2016-10-13,11.41,11,125.51,12469,1379,12546
944,2016-10-05,2016-10-14,22.55,3,67.65,12469,1346,12546
945,2016-10-05,2016-10-14,11.5,10,115.0,12469,1375,12546
946,2016-10-05,2016-10-11,10.39,12,124.68,12469,1415,12546
947,2016-10-07,2016-10-13,10.39,12,124.68,12510,77,7245
948,2016-10-02,2016-10-14,35.15,6,210.9,12431,782,7239
949,2016-10-02,2016-10-11,35.15,6,210.9,12431,782,7239
950,2016-10-02,2016-10-11,18.7,6,112.2,12432,1282,660
951,2016-10-04,2016-10-13,6.29,47,295.63,12462,426,9165
952,2016-10-02,2016-10-11,19.99,6,119.94,12438,1226,9625
953,2016-10-02,2016-10-11,27.68,6,166.08,12439,192,3664
954,2016-10-09,2016-10-18,28.67,6,172.02,12517,62,1128
955,2016-10-09,2016-10-19,21.89,5,109.45,12517,1220,1128
956,2016-10-09,2016-10-18,15.93,24,382.32,12517,1232,1128
957,2016-10-09,2016-10-19,15.93,11,175.23,12517,1232,1128
958,2016-10-13,2016-10-21,20.76,5,103.8,12584,178,11567
959,2016-10-11,2016-10-18,19.11,5,95.55,12555,1269,1485
960,2016-10-12,2016-10-19,7.96,12,95.52,12572,538,2555
961,2016-10-09,2016-10-18,5.88,12,70.56,12523,1395,12546
962,2016-10-09,2016-10-19,11.5,11,126.5,12523,1375,12546
963,2016-10-09,2016-10-19,11.84,12,142.08,12523,1348,12546
964,2016-10-09,2016-10-20,28.45,6,170.7,12523,1345,12546
965,2016-10-09,2016-10-19,12.68,11,139.48,12523,1394,12546
966,2016-10-09,2016-10-18,20.45,11,224.95,12523,1385,12546
967,2016-10-09,2016-10-19,7.08,24,169.92,12523,1378,12546
968,2016-10-09,2016-10-19,22.55,5,112.75,12523,1346,12546
969,2016-10-09,2016-10-19,11.41,9,102.69,12523,1379,12546
970,2016-10-09,2016-10-19,8.65,12,103.8,12523,676,12546
971,2016-10-09,2016-10-19,9.62,12,115.44,12529,79,7245
972,2016-10-12,2016-10-19,35.15,6,210.9,12579,782,7239
973,2016-10-12,2016-10-18,9.28,6,55.68,12582,58,8320
974,2016-10-20,2016-10-25,24.45,6,146.7,12690,443,480
975,2016-10-20,2016-10-27,24.45,24,586.8,12690,443,480
976,2016-10-19,2016-10-25,12.79,12,153.48,12672,1244,1128
977,2016-10-19,2016-10-28,30.46,6,182.76,12672,63,1128
978,2016-10-19,2016-10-27,15.93,66,1051.38,12672,1232,1128
979,2016-10-19,2016-10-27,21.89,6,131.34,12672,1220,1128
980,2016-10-19,2016-10-27,33.83,4,135.32,12672,1237,1128
981,2016-10-19,2016-10-25,9.48,16,151.68,12672,1231,1128
982,2016-10-19,2016-10-28,9.48,19,180.12,12672,1231,1128
983,2016-10-16,2016-10-28,12.97,36,466.92,12621,408,11567
984,2016-10-19,2016-10-27,19.11,6,114.66,12673,1269,1485
985,2016-10-19,2016-10-27,9.69,11,106.59,12676,1424,3960
986,2016-10-19,2016-10-27,18.93,11,208.23,12676,1384,3960
987,2016-10-18,2016-10-25,9.99,12,119.88,12661,661,12546
988,2016-10-18,2016-10-28,10.36,12,124.32,12661,1373,12546
989,2016-10-18,2016-10-28,22.55,17,383.35,12661,1346,12546
990,2016-10-18,2016-10-27,11.5,9,103.5,12661,1375,12546
991,2016-10-18,2016-10-28,10.76,12,129.12,12661,1397,12546
992,2016-10-18,2016-10-27,11.41,10,114.1,12661,1379,12546
993,2016-10-20,2016-10-25,8.95,11,98.45,12700,168,7245
994,2016-10-21,2016-10-25,35.15,6,210.9,12715,782,7239
995,2016-10-19,2016-10-28,26.08,6,156.48,12689,934,9165
996,2016-10-19,2016-10-27,20.63,24,495.12,12689,984,9165
997,2016-10-25,2016-11-04,7.99,10,79.9,12746,802,480
998,2016-10-27,2016-11-04,28.67,4,114.68,12788,62,1128
999,2016-10-27,2016-11-04,15.93,5,79.65,12788,1232,1128
1000,2016-10-27,2016-10-31,15.93,8,127.44,12788,1232,1128
1001,2016-10-27,2016-11-03,15.93,13,207.09,12788,1232,1128
1002,2016-10-27,2016-11-03,9.48,20,189.6,12788,1231,1128
1003,2016-10-27,2016-11-04,9.48,18,170.64,12788,1231,1128
1004,2016-10-26,2016-11-04,19.11,5,95.55,12775,1269,1485
1005,2016-10-25,2016-11-04,18.93,11,208.23,12748,1384,3960
1006,2016-10-23,2016-10-31,7.83,11,86.13,12728,1178,3924
1007,2016-10-28,2016-10-31,10.39,12,124.68,12816,1415,12546
1008,2016-10-28,2016-11-03,7.08,22,155.76,12816,1378,12546
1009,2016-10-28,2016-11-03,11.5,20,230.0,12816,1375,12546
1010,2016-10-28,2016-11-03,20.45,22,449.9,12816,1385,12546
1011,2016-10-28,2016-11-04,11.41,12,136.92,12816,1379,12546
1012,2016-10-28,2016-11-03,8.65,12,103.8,12816,676,12546
1013,2016-10-28,2016-10-31,11.41,10,114.1,12816,1379,12546
1014,2016-10-28,2016-11-04,5.88,10,58.8,12816,1395,12546
1015,2016-10-28,2016-11-04,11.5,10,115.0,12816,1375,12546
1016,2016-10-28,2016-11-03,14.28,6,85.68,12816,361,12546
1017,2016-10-28,2016-11-04,22.55,3,67.65,12816,1346,12546
1018,2016-10-26,2016-11-04,13.79,12,165.48,12778,753,90032
1019,2016-10-23,2016-11-03,12.77,12,153.24,12730,438,4425
1020,2016-10-23,2016-11-04,19.83,6,118.98,12730,211,4425
1021,2016-10-23,2016-11-03,35.15,5,175.75,12732,782,7239
1022,2016-10-23,2016-11-03,18.7,6,112.2,12734,1282,660
1023,2016-10-23,2016-11-03,20.63,6,123.78,12737,984,9165
1024,2016-10-23,2016-11-03,15.74,6,94.44,12737,344,9165
1025,2016-10-23,2016-11-03,23.01,6,138.06,12737,513,9165
1026,2016-11-01,2016-11-12,24.45,6,146.7,12857,443,480
1027,2016-11-01,2016-11-08,36.5,5,182.5,12857,743,480
1028,2016-11-01,2016-11-12,36.5,5,182.5,12857,743,480
1029,2016-10-30,2016-11-08,21.89,5,109.45,12828,1220,1128
1030,2016-10-30,2016-11-10,21.89,12,262.68,12828,1220,1128
1031,2016-10-30,2016-11-10,15.93,62,987.66,12828,1232,1128
1032,2016-10-30,2016-11-12,15.93,35,557.55,12828,1232,1128
1033,2016-10-30,2016-11-10,9.48,16,151.68,12828,1231,1128
1034,2016-10-30,2016-11-10,19.11,4,76.44,12830,1269,1485
1035,2016-10-31,2016-11-12,9.69,12,116.28,12841,1424,3960
1036,2016-11-02,2016-11-10,7.96,11,87.56,12878,538,2555
1037,2016-11-03,2016-11-12,7.83,8,62.64,12896,1178,3924
1038,2016-11-03,2016-11-10,21.73,6,130.38,12896,653,3924
1039,2016-10-31,2016-11-10,20.45,12,245.4,12844,1385,12546
1040,2016-10-31,2016-11-10,11.84,8,94.72,12844,1348,12546
1041,2016-10-31,2016-11-08,20.45,12,245.4,12844,1385,12546
1042,2016-10-31,2016-11-10,11.5,21,241.5,12844,1375,12546
1043,2016-10-31,2016-11-12,2.59,54,139.86,12844,1355,12546
1044,2016-10-31,2016-11-12,11.5,9,103.5,12844,1375,12546
1045,2016-10-31,2016-11-10,8.65,12,103.8,12844,676,12546
1046,2016-10-31,2016-11-12,12.68,12,152.16,12844,1394,12546
1047,2016-10-31,2016-11-10,22.55,3,67.65,12844,1346,12546
1048,2016-10-31,2016-11-08,10.76,12,129.12,12844,1397,12546
1049,2016-10-31,2016-11-10,10.39,12,124.68,12849,77,7245
1050,2016-10-31,2016-11-10,8.95,12,107.4,12849,168,7245
1051,2016-11-04,2016-11-10,27.68,6,166.08,12926,192,3664
1052,2016-11-07,2016-11-17,21.89,15,328.35,12951,1220,1128
1053,2016-11-07,2016-11-17,15.93,128,2039.04,12951,1232,1128
1054,2016-11-07,2016-11-18,15.93,1,15.93,12951,1232,1128
1055,2016-11-07,2016-11-15,15.93,10,159.3,12951,1232,1128
1056,2016-11-07,2016-11-17,9.48,18,170.64,12951,1231,1128
1057,2016-11-07,2016-11-15,9.48,22,208.56,12951,1231,1128
1058,2016-11-09,2016-11-15,20.76,6,124.56,12991,178,11567
1059,2016-11-06,2016-11-15,19.11,5,95.55,12930,1269,1485
1060,2016-11-06,2016-11-17,19.11,5,95.55,12930,1269,1485
1061,2016-11-06,2016-11-15,37.59,6,225.54,12930,1271,1485
1062,2016-11-11,2016-11-17,18.93,11,208.23,13017,1384,3960
1063,2016-11-06,2016-11-15,10.36,11,113.96,12935,1373,12546
1064,2016-11-06,2016-11-15,0.93,111,103.23,12935,1366,12546
1065,2016-11-06,2016-11-17,20.45,22,449.9,12935,1385,12546
1066,2016-11-06,2016-11-15,28.45,6,170.7,12935,1345,12546
1067,2016-11-06,2016-11-15,22.55,4,90.2,12935,1346,12546
1068,2016-11-06,2016-11-17,11.5,12,138.0,12935,1375,12546
1069,2016-11-06,2016-11-15,11.41,10,114.1,12935,1379,12546
1070,2016-11-06,2016-11-17,7.08,23,162.84,12935,1378,12546
1071,2016-11-06,2016-11-18,5.88,11,64.68,12935,1395,12546
1072,2016-11-06,2016-11-17,22.55,5,112.75,12935,1346,12546
1073,2016-11-06,2016-11-15,10.39,12,124.68,12935,1415,12546
1074,2016-11-06,2016-11-15,9.99,12,119.88,12935,661,12546
1075,2016-11-09,2016-11-17,19.52,6,117.12,12995,450,4425
1076,2016-11-11,2016-11-15,9.62,12,115.44,13025,79,7245
1077,2016-11-11,2016-11-17,35.15,6,210.9,13026,782,7239
1078,2016-11-11,2016-11-15,35.15,6,210.9,13026,782,7239
1079,2016-11-06,2016-11-17,20.63,6,123.78,12947,984,9165
1080,2016-11-17,2016-11-25,24.45,5,122.25,13103,443,480
1081,2016-11-17,2016-11-23,7.99,12,95.88,13103,802,480
1082,2016-11-17,2016-11-22,36.5,5,182.5,13103,743,480
1083,2016-11-15,2016-11-25,15.93,7,111.51,13068,1232,1128
1084,2016-11-15,2016-11-22,15.93,10,159.3,13068,1232,1128
1085,2016-11-15,2016-11-23,9.48,16,151.68,13068,1231,1128
1086,2016-11-15,2016-11-23,12.79,12,153.48,13068,1244,1128
1087,2016-11-15,2016-11-25,21.89,4,87.56,13068,1220,1128
1088,2016-11-15,2016-11-22,21.89,2,43.78,13068,1220,1128
1089,2016-11-14,2016-11-23,19.11,3,57.33,13051,1269,1485
1090,2016-11-14,2016-11-23,7.96,8,63.68,13053,538,2555
1091,2016-11-14,2016-11-23,7.83,8,62.64,13055,1178,3924
1092,2016-11-14,2016-11-22,17.98,6,107.88,13055,1186,3924
1093,2016-11-14,2016-11-22,8.65,11,95.15,13056,676,12546
1094,2016-11-14,2016-11-22,11.84,12,142.08,13056,1348,12546
1095,2016-11-14,2016-11-23,11.41,10,114.1,13056,1379,12546
1096,2016-11-14,2016-11-23,2.18,118,257.24,13056,1389,12546
1097,2016-11-14,2016-11-23,39.99,6,239.94,13056,1239,12546
1098,2016-11-14,2016-11-23,20.45,4,81.8,13056,1385,12546
1099,2016-11-14,2016-11-25,20.45,10,204.5,13056,1385,12546
1100,2016-11-14,2016-11-25,22.55,5,112.75,13056,1346,12546
1101,2016-11-14,2016-11-23,28.45,6,170.7,13056,1345,12546
1102,2016-11-14,2016-11-23,11.5,7,80.5,13056,1375,12546
1103,2016-11-16,2016-11-23,19.52,6,117.12,13091,450,4425
1104,2016-11-17,2016-11-23,10.39,11,114.29,13112,77,7245
1105,2016-11-16,2016-11-23,9.28,6,55.68,13096,58,8320
1106,2016-11-14,2016-11-23,23.01,6,138.06,13063,513,9165
1107,2016-11-14,2016-11-22,6.29,48,301.92,13063,426,9165
1108,2016-11-14,2016-11-22,16.15,12,193.8,13063,966,9165
1109,2016-11-14,2016-11-23,25.36,6,152.16,13063,515,9165
1110,2016-11-13,2016-11-23,19.99,4,79.96,13049,1226,9625
1111,2016-11-25,2016-11-30,21.89,5,109.45,13224,1220,1128
1112,2016-11-25,2016-11-30,9.48,23,218.04,13224,1231,1128
1113,2016-11-25,2016-11-28,15.93,12,191.16,13224,1232,1128
1114,2016-11-25,2016-11-28,9.48,17,161.16,13224,1231,1128
1115,2016-11-25,2016-11-29,28.67,6,172.02,13224,62,1128
1116,2016-11-23,2016-11-29,12.97,12,155.64,13183,408,11567
1117,2016-11-22,2016-11-30,19.11,6,114.66,13162,1269,1485
1118,2016-11-25,2016-11-29,18.93,12,227.16,13226,1384,3960
1119,2016-11-21,2016-11-28,5.88,12,70.56,13152,1395,12546
1120,2016-11-21,2016-12-02,14.28,4,57.12,13152,361,12546
1121,2016-11-21,2016-11-29,10.76,11,118.36,13152,1397,12546
1122,2016-11-21,2016-12-02,10.39,12,124.68,13152,1415,12546
1123,2016-11-21,2016-11-29,28.45,11,312.95,13152,1345,12546
1124,2016-11-21,2016-11-30,20.45,12,245.4,13152,1385,12546
1125,2016-11-21,2016-11-30,11.84,11,130.24,13152,1348,12546
1126,2016-11-21,2016-11-30,28.45,6,170.7,13152,1345,12546
1127,2016-11-21,2016-11-28,8.65,11,95.15,13152,676,12546
1128,2016-11-21,2016-11-28,7.08,24,169.92,13152,1378,12546
1129,2016-11-21,2016-12-02,11.5,6,69.0,13152,1375,12546
1130,2016-11-21,2016-11-28,10.36,12,124.32,13152,1373,12546
1131,2016-11-21,2016-11-29,11.5,11,126.5,13152,1375,12546
1132,2016-11-21,2016-11-28,22.55,6,135.3,13152,1346,12546
1133,2016-11-20,2016-11-28,5.74,12,68.88,13138,607,9552
1134,2016-11-24,2016-12-02,19.83,6,118.98,13214,211,4425
1135,2016-11-22,2016-11-30,9.62,12,115.44,13170,79,7245
1136,2016-11-23,2016-11-28,35.15,6,210.9,13195,782,7239
1137,2016-11-21,2016-11-28,18.7,6,112.2,13156,1282,660
1138,2016-11-23,2016-11-29,13.86,6,83.16,13202,680,9165
1139,2016-11-30,2016-12-07,21.89,5,109.45,13288,1220,1128
1140,2016-11-30,2016-12-07,9.48,18,170.64,13288,1231,1128
1141,2016-11-30,2016-12-07,12.79,22,281.38,13288,1244,1128
1142,2016-11-30,2016-12-07,30.46,6,182.76,13288,63,1128
1143,2016-11-27,2016-12-07,7.96,12,95.52,13239,538,2555
1144,2016-12-02,2016-12-07,7.83,12,93.96,13324,1178,3924
1145,2016-12-02,2016-12-08,11.5,12,138.0,13325,1375,12546
1146,2016-12-02,2016-12-07,10.36,12,124.32,13325,1373,12546
1147,2016-12-02,2016-12-07,7.08,20,141.6,13325,1378,12546
1148,2016-12-02,2016-12-07,11.41,9,102.69,13325,1379,12546
1149,2016-12-02,2016-12-09,8.65,11,95.15,13325,676,12546
1150,2016-12-02,2016-12-07,17.03,12,204.36,13325,1258,12546
1151,2016-12-02,2016-12-07,10.76,10,107.6,13325,1397,12546
1152,2016-12-02,2016-12-07,20.45,23,470.35,13325,1385,12546
1153,2016-12-02,2016-12-09,28.45,6,170.7,13325,1345,12546
1154,2016-12-02,2016-12-07,28.56,6,171.36,13325,1382,12546
1155,2016-12-02,2016-12-09,12.68,12,152.16,13325,1394,12546
1156,2016-12-02,2016-12-08,9.99,12,119.88,13325,661,12546
1157,2016-12-02,2016-12-07,22.55,6,135.3,13325,1346,12546
1158,2016-12-02,2016-12-08,22.55,5,112.75,13325,1346,12546
1159,2016-11-27,2016-12-07,12.77,12,153.24,13243,438,4425
1160,2016-12-01,2016-12-07,8.95,12,107.4,13310,168,7245
1161,2016-11-29,2016-12-08,6.05,24,145.2,13282,1365,8664
1162,2016-12-08,2016-12-15,24.45,5,122.25,13413,443,480
1163,2016-12-08,2016-12-13,36.5,6,219.0,13413,743,480
1164,2016-12-08,2016-12-13,7.99,12,95.88,13413,802,480
1165,2016-12-07,2016-12-13,21.89,4,87.56,13390,1220,1128
1166,2016-12-07,2016-12-15,9.48,18,170.64,13390,1231,1128
1167,2016-12-07,2016-12-15,21.89,3,65.67,13390,1220,1128
1168,2016-12-07,2016-12-13,9.48,18,170.64,13390,1231,1128
1169,2016-12-07,2016-12-15,12.79,11,140.69,13390,1244,1128
1170,2016-12-07,2016-12-15,28.67,6,172.02,13390,62,1128
1171,2016-12-07,2016-12-13,9.69,11,106.59,13392,1424,3960
1172,2016-12-08,2016-12-15,10.36,24,248.64,13421,1373,12546
1173,2016-12-08,2016-12-13,20.45,6,122.7,13421,1385,12546
1174,2016-12-08,2016-12-15,20.45,11,224.95,13421,1385,12546
1175,2016-12-08,2016-12-16,11.41,10,114.1,13421,1379,12546
1176,2016-12-08,2016-12-16,11.5,9,103.5,13421,1375,12546
1177,2016-12-08,2016-12-15,22.55,1,22.55,13421,1346,12546
1178,2016-12-08,2016-12-13,10.39,12,124.68,13421,1415,12546
1179,2016-12-08,2016-12-16,11.84,11,130.24,13421,1348,12546
1180,2016-12-08,2016-12-13,10.76,9,96.84,13421,1397,12546
1181,2016-12-08,2016-12-16,39.99,4,159.96,13421,1239,12546
1182,2016-12-08,2016-12-13,14.28,6,85.68,13421,361,12546
1183,2016-12-08,2016-12-15,5.88,10,58.8,13421,1395,12546
1184,2016-12-05,2016-12-13,10.39,12,124.68,13363,77,7245
1185,2016-12-05,2016-12-13,19.22,12,230.64,13363,1464,7245
1186,2016-12-09,2016-12-13,35.15,4,140.6,13440,782,7239
1187,2016-12-09,2016-12-13,27.68,6,166.08,13444,192,3664
1188,2016-12-09,2016-12-16,39.69,6,238.14,13444,283,3664
1189,2016-12-12,2016-12-24,21.89,5,109.45,13468,1220,1128
1190,2016-12-12,2016-12-20,9.48,42,398.16,13468,1231,1128
1191,2016-12-12,2016-12-24,9.48,6,56.88,13468,1231,1128
1192,2016-12-16,2016-12-24,12.97,12,155.64,13540,408,11567
1193,2016-12-12,2016-12-24,37.59,6,225.54,13471,1271,1485
1194,2016-12-12,2016-12-20,19.11,4,76.44,13471,1269,1485
1195,2016-12-13,2016-12-20,18.93,71,1344.03,13487,1384,3960
1196,2016-12-13,2016-12-24,18.93,10,189.3,13487,1384,3960
1197,2016-12-14,2016-12-24,7.96,9,71.64,13505,538,2555
1198,2016-12-16,2016-12-24,21.73,6,130.38,13543,653,3924
1199,2016-12-11,2016-12-24,28.56,3,85.68,13452,1382,12546
1200,2016-12-11,2016-12-24,10.36,10,103.6,13452,1373,12546
1201,2016-12-11,2016-12-20,8.65,10,86.5,13452,676,12546
1202,2016-12-11,2016-12-20,7.08,20,141.6,13452,1378,12546
1203,2016-12-11,2016-12-20,11.5,12,138.0,13452,1375,12546
1204,2016-12-11,2016-12-24,20.45,27,552.15,13452,1385,12546
1205,2016-12-11,2016-12-24,10.39,11,114.29,13452,1415,12546
1206,2016-12-11,2016-12-24,39.99,6,239.94,13452,1239,12546
1207,2016-12-11,2016-12-20,10.76,11,118.36,13452,1397,12546
1208,2016-12-11,2016-12-20,28.45,4,113.8,13452,1345,12546
1209,2016-12-11,2016-12-20,22.55,9,202.95,13452,1346,12546
1210,2016-12-11,2016-12-24,8.65,5,43.25,13452,676,12546
1211,2016-12-11,2016-12-24,28.45,10,284.5,13452,1345,12546
1212,2016-12-11,2016-12-24,11.84,7,82.88,13452,1348,12546
1213,2016-12-11,2016-12-24,22.55,5,112.75,13452,1346,12546
1214,2016-12-11,2016-12-24,2.59,59,152.81,13452,1355,12546
1215,2016-12-12,2016-12-24,45.45,5,227.25,13476,942,8112
1216,2016-12-15,2016-12-24,9.62,12,115.44,13536,79,7245
1217,2016-12-16,2016-12-24,35.15,2,70.3,13548,782,7239
1218,2016-12-16,2016-12-20,35.15,5,175.75,13548,782,7239
1219,2016-12-13,2016-12-20,18.7,5,93.5,13494,1282,660
1220,2016-12-11,2016-12-24,16.15,11,177.65,13462,966,9165
1221,2016-12-15,2016-12-19,69.76,1,69.76,13538,1228,3664
1222,2016-12-23,2016-12-29,9.48,19,180.12,13642,1231,1128
1223,2016-12-23,2016-12-30,9.48,20,189.6,13642,1231,1128
1224,2016-12-23,2016-12-30,21.89,3,65.67,13642,1220,1128
1225,2016-12-23,2016-12-29,21.89,6,131.34,13642,1220,1128
1226,2016-12-23,2016-12-29,30.46,6,182.76,13642,63,1128
1227,2016-12-23,2016-12-30,15.93,18,286.74,13642,1232,1128
1228,2016-12-23,2016-12-29,33.83,6,202.98,13642,1237,1128
1229,2016-12-22,2016-12-30,20.76,5,103.8,13627,178,11567
1230,2016-12-18,2016-12-29,19.11,15,286.65,13553,1269,1485
1231,2016-12-19,2016-12-30,7.96,11,87.56,13575,538,2555
1232,2016-12-18,2016-12-29,31.0,6,186.0,13557,525,12546
1233,2016-12-18,2016-12-29,12.68,12,152.16,13557,1394,12546
1234,2016-12-18,2016-12-30,20.45,6,122.7,13557,1385,12546
1235,2016-12-18,2016-12-30,39.99,3,119.97,13557,1239,12546
1236,2016-12-18,2016-12-30,7.08,21,148.68,13557,1378,12546
1237,2016-12-18,2016-12-29,20.45,153,3128.85,13557,1385,12546
1238,2016-12-18,2016-12-30,28.45,6,170.7,13557,1345,12546
1239,2016-12-18,2016-12-29,11.84,11,130.24,13557,1348,12546
1240,2016-12-18,2016-12-30,11.5,9,103.5,13557,1375,12546
1241,2016-12-18,2016-12-30,12.68,12,152.16,13557,1394,12546
1242,2016-12-18,2016-12-29,22.55,78,1758.9,13557,1346,12546
1243,2016-12-18,2016-12-30,5.88,11,64.68,13557,1395,12546
1244,2016-12-18,2016-12-29,21.87,24,524.88,13557,1359,12546
1245,2016-12-18,2016-12-29,11.41,11,125.51,13557,1379,12546
1246,2016-12-18,2016-12-30,22.55,11,248.05,13557,1346,12546
1247,2016-12-18,2016-12-30,8.65,7,60.55,13557,676,12546
1248,2016-12-21,2016-12-30,8.95,11,98.45,13617,168,7245
1249,2016-12-19,2016-12-29,35.15,3,105.45,13582,782,7239
1250,2016-12-19,2016-12-30,9.28,5,46.4,13584,58,8320
1251,2016-12-20,2016-12-29,26.08,6,156.48,13604,934,9165
1252,2016-12-20,2016-12-29,23.01,5,115.05,13604,513,9165
1253,2016-12-20,2016-12-29,20.63,12,247.56,13604,984,9165
1254,2016-12-20,2016-12-30,25.36,6,152.16,13604,515,9165
1255,2016-12-20,2016-12-29,13.86,5,69.3,13604,680,9165
1256,2016-12-20,2016-12-30,14.95,6,89.7,13604,686,9165
