,id,Order Date,Receiving Date,Purchase price,Quantity,Total price,Order number,id item,id supplier
0,0,2016-01-01,2016-01-05,7.99,12,95.88,8288,46,11
1,1,2016-01-01,2016-01-08,24.45,5,122.25,8288,24,11
2,2,2016-01-01,2016-01-05,7.19,12,86.28,8288,47,11
3,3,2015-12-27,2016-01-04,28.67,6,172.02,8210,2,2
4,4,2015-12-27,2016-01-06,21.89,11,240.79,8210,62,2
5,5,2015-12-27,2016-01-04,33.83,6,202.98,8210,67,2
6,6,2015-12-27,2016-01-04,9.48,22,208.56,8210,65,2
7,7,2015-12-27,2016-01-04,15.93,11,175.23,8210,66,2
8,8,2015-12-27,2016-01-06,30.46,6,182.76,8210,3,2
9,9,2015-12-31,2016-01-04,18.97,6,113.82,8269,18,6
10,10,2015-12-31,2016-01-04,18.93,11,208.23,8271,93,25
11,11,2015-12-29,2016-01-04,7.96,12,95.52,8237,30,13
12,12,2015-12-29,2016-01-05,7.96,11,87.56,8237,30,13
13,13,2015-12-29,2016-01-08,7.96,10,79.6,8237,30,13
14,14,2015-12-31,2016-01-04,7.83,12,93.96,8273,59,15
15,15,2015-12-29,2016-01-06,39.99,6,239.94,8241,69,5
16,16,2015-12-29,2016-01-06,8.65,12,103.8,8241,38,5
17,17,2015-12-29,2016-01-04,7.08,24,169.92,8241,90,5
18,18,2015-12-29,2016-01-06,11.41,12,136.92,8241,91,5
19,19,2015-12-29,2016-01-04,10.76,11,118.36,8241,100,5
20,20,2015-12-29,2016-01-06,5.88,11,64.68,8241,99,5
21,21,2015-12-29,2016-01-04,8.65,11,95.15,8241,38,5
22,22,2015-12-29,2016-01-04,20.45,9,184.05,8241,94,5
23,23,2015-12-29,2016-01-04,28.56,6,171.36,8241,92,5
24,24,2015-12-29,2016-01-08,11.5,5,57.5,8241,89,5
25,25,2015-12-29,2016-01-04,12.68,11,139.48,8241,98,5
26,26,2015-12-29,2016-01-04,21.87,3,65.61,8241,84,5
27,27,2015-12-29,2016-01-04,22.55,17,383.35,8241,80,5
28,28,2015-12-29,2016-01-07,22.55,18,405.9,8241,80,5
29,29,2015-12-29,2016-01-04,10.36,12,124.32,8241,88,5
30,30,2015-12-29,2016-01-06,22.55,5,112.75,8241,80,5
31,31,2015-12-29,2016-01-04,28.45,6,170.7,8241,79,5
32,32,2015-12-29,2016-01-05,11.5,9,103.5,8241,89,5
33,33,2015-12-28,2016-01-04,12.79,6,76.74,8226,22,10
34,34,2015-12-28,2016-01-06,8.95,12,107.4,8228,7,4
35,35,2015-12-28,2016-01-04,9.62,12,115.44,8228,6,4
36,36,2015-12-28,2016-01-09,26.8,3,80.4,8228,9,4
37,37,2015-12-28,2016-01-07,35.15,6,210.9,8229,45,17
38,38,2015-12-28,2016-01-05,35.15,6,210.9,8229,45,17
39,39,2015-12-28,2016-01-06,35.15,6,210.9,8229,45,17
40,40,2015-12-30,2016-01-04,18.7,6,112.2,8259,75,23
41,41,2015-12-27,2016-01-06,16.15,12,193.8,8219,51,3
42,42,2015-12-27,2016-01-04,23.01,5,115.05,8219,27,3
43,43,2015-12-27,2016-01-04,20.63,6,123.78,8219,53,3
44,44,2015-12-27,2016-01-06,6.29,48,301.92,8219,21,3
45,45,2015-12-28,2016-01-07,19.99,6,119.94,8232,63,21
46,46,2015-12-28,2016-01-09,27.68,6,166.08,8233,11,7
47,47,2015-12-28,2016-01-04,53.43,3,160.29,8233,15,7
48,48,2016-01-06,2016-01-13,15.93,11,175.23,8358,66,2
49,49,2016-01-06,2016-01-13,21.89,6,131.34,8358,62,2
50,50,2016-01-07,2016-01-12,12.97,12,155.64,8376,20,6
51,51,2016-01-03,2016-01-13,19.11,5,95.55,8309,72,22
52,52,2016-01-03,2016-01-13,14.38,12,172.56,8311,61,13
53,53,2016-01-04,2016-01-14,5.88,12,70.56,8330,99,5
54,54,2016-01-04,2016-01-14,11.84,10,118.4,8330,82,5
55,55,2016-01-04,2016-01-14,10.76,12,129.12,8330,100,5
56,56,2016-01-04,2016-01-14,2.18,120,261.6,8330,96,5
57,57,2016-01-04,2016-01-15,12.68,12,152.16,8330,98,5
58,58,2016-01-04,2016-01-13,20.45,35,715.75,8330,94,5
59,59,2016-01-04,2016-01-15,21.87,6,131.22,8330,84,5
60,60,2016-01-04,2016-01-14,28.45,6,170.7,8330,79,5
61,61,2016-01-04,2016-01-12,8.65,12,103.8,8330,38,5
62,62,2016-01-04,2016-01-15,22.55,3,67.65,8330,80,5
63,63,2016-01-04,2016-01-12,11.5,9,103.5,8330,89,5
64,64,2016-01-04,2016-01-15,11.5,5,57.5,8330,89,5
65,65,2016-01-04,2016-01-12,20.45,8,163.6,8330,94,5
66,66,2016-01-08,2016-01-13,10.39,12,124.68,8396,5,4
67,67,2016-01-06,2016-01-12,40.59,12,487.08,8366,101,26
68,68,2016-01-05,2016-01-14,6.05,23,139.15,8353,86,24
69,69,2016-01-12,2016-01-20,24.45,6,146.7,8433,24,11
70,70,2016-01-12,2016-01-19,7.19,12,86.28,8433,47,11
71,71,2016-01-13,2016-01-20,15.93,22,350.46,8457,66,2
72,72,2016-01-13,2016-01-19,15.93,10,159.3,8457,66,2
73,73,2016-01-13,2016-01-19,33.83,6,202.98,8457,67,2
74,74,2016-01-15,2016-01-20,7.96,12,95.52,8485,30,13
75,75,2016-01-14,2016-01-20,7.83,12,93.96,8472,59,15
76,76,2016-01-12,2016-01-20,8.65,11,95.15,8443,38,5
77,77,2016-01-12,2016-01-19,11.5,10,115.0,8443,89,5
78,78,2016-01-12,2016-01-19,7.08,23,162.84,8443,90,5
79,79,2016-01-12,2016-01-23,10.39,12,124.68,8443,103,5
80,80,2016-01-12,2016-01-20,22.55,6,135.3,8443,80,5
81,81,2016-01-11,2016-01-19,19.52,6,117.12,8426,25,8
82,82,2016-01-15,2016-01-20,9.62,11,105.82,8491,6,4
83,83,2016-01-15,2016-01-20,8.95,12,107.4,8491,7,4
84,84,2016-01-15,2016-01-20,19.22,12,230.64,8491,105,4
85,85,2016-01-12,2016-01-19,35.15,6,210.9,8448,45,17
86,86,2016-01-13,2016-01-19,18.7,6,112.2,8465,75,23
87,87,2016-01-15,2016-01-19,9.28,6,55.68,8493,1,1
88,88,2016-01-14,2016-01-20,13.86,6,83.16,8481,39,3
89,89,2016-01-20,2016-01-29,7.99,11,87.89,8548,46,11
90,90,2016-01-18,2016-01-29,21.89,6,131.34,8517,62,2
91,91,2016-01-18,2016-01-29,30.46,6,182.76,8517,3,2
92,92,2016-01-18,2016-01-29,37.59,1,37.59,8520,73,22
93,93,2016-01-17,2016-01-29,11.5,12,138.0,8503,89,5
94,94,2016-01-17,2016-01-27,11.5,9,103.5,8503,89,5
95,95,2016-01-17,2016-01-29,28.45,6,170.7,8503,79,5
96,96,2016-01-17,2016-01-29,22.55,10,225.5,8503,80,5
97,97,2016-01-17,2016-01-29,27.81,3,83.43,8503,102,5
98,98,2016-01-17,2016-01-27,11.41,12,136.92,8503,91,5
99,99,2016-01-17,2016-01-27,14.28,5,71.4,8503,17,5
100,100,2016-01-17,2016-01-29,9.99,2,19.98,8503,36,5
101,101,2016-01-17,2016-01-29,0.93,119,110.67,8503,87,5
102,102,2016-01-17,2016-01-29,8.65,8,69.2,8503,38,5
103,103,2016-01-22,2016-01-29,15.62,7,109.34,8592,58,20
104,104,2016-01-18,2016-01-29,19.83,6,118.98,8529,12,8
105,105,2016-01-17,2016-01-29,54.01,3,162.03,8506,37,9
106,106,2016-01-20,2016-01-29,12.11,6,72.66,8557,52,18
107,107,2016-01-19,2016-01-29,35.15,5,175.75,8542,45,17
108,108,2016-01-21,2016-01-29,24.99,1,24.99,8585,48,12
109,109,2016-01-17,2016-01-29,20.63,12,247.56,8513,53,3
110,110,2016-01-17,2016-01-29,16.15,24,387.6,8513,51,3
111,111,2016-01-17,2016-01-27,25.36,6,152.16,8513,28,3
112,112,2016-01-17,2016-01-28,69.76,6,418.56,8516,64,7
113,113,2016-01-17,2016-01-29,27.68,6,166.08,8516,11,7
114,114,2016-01-25,2016-02-03,7.19,11,79.09,8618,47,11
115,115,2016-01-29,2016-02-04,21.89,4,87.56,8689,62,2
116,116,2016-01-29,2016-02-04,15.93,6,95.58,8689,66,2
117,117,2016-01-29,2016-02-03,28.67,6,172.02,8689,2,2
118,118,2016-01-29,2016-02-04,9.48,23,218.04,8689,65,2
119,119,2016-01-29,2016-02-03,9.48,23,218.04,8689,65,2
120,120,2016-01-29,2016-02-03,15.93,9,143.37,8689,66,2
121,121,2016-01-25,2016-02-03,9.69,24,232.56,8622,104,25
122,122,2016-01-25,2016-02-04,9.69,12,116.28,8622,104,25
123,123,2016-01-25,2016-02-04,7.96,10,79.6,8623,30,13
124,124,2016-01-27,2016-02-04,21.87,18,393.66,8659,84,5
125,125,2016-01-27,2016-02-03,21.87,6,131.22,8659,84,5
126,126,2016-01-27,2016-02-04,10.36,35,362.6,8659,88,5
127,127,2016-01-27,2016-02-03,11.84,10,118.4,8659,82,5
128,128,2016-01-27,2016-02-05,11.5,10,115.0,8659,89,5
129,129,2016-01-27,2016-02-03,7.08,24,169.92,8659,90,5
130,130,2016-01-27,2016-02-03,11.41,11,125.51,8659,91,5
131,131,2016-01-27,2016-02-03,10.36,9,93.24,8659,88,5
132,132,2016-01-27,2016-02-04,28.56,36,1028.16,8659,92,5
133,133,2016-01-27,2016-02-04,5.88,11,64.68,8659,99,5
134,134,2016-01-27,2016-02-03,17.03,12,204.36,8659,71,5
135,135,2016-01-27,2016-02-04,20.45,21,429.45,8659,94,5
136,136,2016-01-27,2016-02-04,28.67,6,172.02,8659,34,5
137,137,2016-01-25,2016-02-05,29.92,6,179.52,8626,55,14
138,138,2016-01-27,2016-02-03,54.68,6,328.08,8661,19,9
139,139,2016-01-27,2016-02-04,12.79,5,63.95,8663,22,10
140,140,2016-01-27,2016-02-04,9.62,10,96.2,8664,6,4
141,141,2016-01-27,2016-02-03,10.39,11,114.29,8664,5,4
142,142,2016-01-24,2016-02-04,35.15,6,210.9,8610,45,17
143,143,2016-01-27,2016-02-03,18.7,5,93.5,8665,75,23
144,144,2016-01-28,2016-02-04,26.08,6,156.48,8688,49,3
145,145,2016-02-01,2016-02-10,24.45,6,146.7,8719,24,11
146,146,2016-02-02,2016-02-09,21.89,5,109.45,8742,62,2
147,147,2016-02-02,2016-02-09,15.93,10,159.3,8742,66,2
148,148,2016-02-02,2016-02-10,15.93,8,127.44,8742,66,2
149,149,2016-02-01,2016-02-10,9.69,8,77.52,8721,104,25
150,150,2016-01-31,2016-02-09,7.83,11,86.13,8710,59,15
151,151,2016-01-31,2016-02-10,21.73,6,130.38,8710,35,15
152,152,2016-02-05,2016-02-10,8.65,10,86.5,8800,38,5
153,153,2016-02-05,2016-02-10,11.84,11,130.24,8800,82,5
154,154,2016-02-05,2016-02-11,11.5,10,115.0,8800,89,5
155,155,2016-02-05,2016-02-10,11.41,11,125.51,8800,91,5
156,156,2016-02-05,2016-02-10,10.39,12,124.68,8800,103,5
157,157,2016-02-05,2016-02-09,22.55,5,112.75,8800,80,5
158,158,2016-02-05,2016-02-10,12.68,12,152.16,8800,98,5
159,159,2016-01-31,2016-02-09,8.95,12,107.4,8714,7,4
160,160,2016-02-01,2016-02-09,40.59,6,243.54,8732,101,26
161,161,2016-02-03,2016-02-11,9.28,6,55.68,8772,1,1
162,162,2016-02-04,2016-02-09,24.99,6,149.94,8790,48,12
163,163,2016-02-01,2016-02-12,6.29,45,283.05,8739,21,3
164,164,2016-02-11,2016-02-16,7.19,10,71.9,8877,47,11
165,165,2016-02-09,2016-02-17,21.89,6,131.34,8838,62,2
166,166,2016-02-09,2016-02-16,9.48,21,199.08,8838,65,2
167,167,2016-02-09,2016-02-16,21.89,6,131.34,8838,62,2
168,168,2016-02-09,2016-02-16,15.93,22,350.46,8838,66,2
169,169,2016-02-09,2016-02-16,12.79,2,25.58,8838,70,2
170,170,2016-02-09,2016-02-19,15.93,5,79.65,8838,66,2
171,171,2016-02-09,2016-02-17,15.93,12,191.16,8838,66,2
172,172,2016-02-09,2016-02-16,18.97,6,113.82,8839,18,6
173,173,2016-02-07,2016-02-17,7.96,12,95.52,8808,30,13
174,174,2016-02-07,2016-02-19,7.83,8,62.64,8810,59,15
175,175,2016-02-12,2016-02-17,2.59,60,155.4,8903,83,5
176,176,2016-02-12,2016-02-17,7.08,21,148.68,8903,90,5
177,177,2016-02-12,2016-02-17,8.65,12,103.8,8903,38,5
178,178,2016-02-12,2016-02-19,11.84,11,130.24,8903,82,5
179,179,2016-02-12,2016-02-16,5.88,11,64.68,8903,99,5
180,180,2016-02-12,2016-02-16,11.5,10,115.0,8903,89,5
181,181,2016-02-09,2016-02-17,9.62,12,115.44,8852,6,4
182,182,2016-02-07,2016-02-17,35.15,5,175.75,8818,45,17
183,183,2016-02-07,2016-02-16,18.7,5,93.5,8820,75,23
184,184,2016-02-07,2016-02-17,23.01,6,138.06,8824,27,3
185,185,2016-02-09,2016-02-16,27.68,6,166.08,8859,11,7
186,186,2016-02-14,2016-02-23,7.99,12,95.88,8914,46,11
187,187,2016-02-16,2016-02-23,15.93,9,143.37,8945,66,2
188,188,2016-02-16,2016-02-25,15.93,10,159.3,8945,66,2
189,189,2016-02-16,2016-02-25,28.67,6,172.02,8945,2,2
190,190,2016-02-16,2016-02-23,9.48,23,218.04,8945,65,2
191,191,2016-02-16,2016-02-25,30.46,6,182.76,8945,3,2
192,192,2016-02-16,2016-02-25,21.89,2,43.78,8945,62,2
193,193,2016-02-16,2016-02-25,33.83,12,405.96,8945,67,2
194,194,2016-02-17,2016-02-25,12.97,11,142.67,8963,20,6
195,195,2016-02-16,2016-02-25,19.11,6,114.66,8947,72,22
196,196,2016-02-17,2016-02-25,18.93,23,435.39,8966,93,25
197,197,2016-02-17,2016-02-23,9.69,10,96.9,8966,104,25
198,198,2016-02-18,2016-02-25,7.83,12,93.96,8985,59,15
199,199,2016-02-15,2016-02-23,12.68,10,126.8,8928,98,5
200,200,2016-02-15,2016-02-23,11.41,10,114.1,8928,91,5
201,201,2016-02-15,2016-02-25,5.88,11,64.68,8928,99,5
202,202,2016-02-15,2016-02-23,11.5,10,115.0,8928,89,5
203,203,2016-02-15,2016-02-25,8.65,11,95.15,8928,38,5
204,204,2016-02-15,2016-02-25,11.5,8,92.0,8928,89,5
205,205,2016-02-14,2016-02-25,5.74,12,68.88,8916,33,14
206,206,2016-02-14,2016-02-23,12.77,12,153.24,8917,23,8
207,207,2016-02-14,2016-02-25,89.84,6,539.04,8918,54,19
208,208,2016-02-16,2016-02-25,8.95,10,89.5,8956,7,4
209,209,2016-02-16,2016-02-25,10.39,35,363.65,8956,5,4
210,210,2016-02-16,2016-02-23,10.39,12,124.68,8956,5,4
211,211,2016-02-15,2016-02-25,35.15,6,210.9,8935,45,17
212,212,2016-02-15,2016-02-23,35.15,6,210.9,8935,45,17
213,213,2016-02-18,2016-02-25,30.21,30,906.3,8994,13,7
214,214,2016-02-24,2016-03-04,36.5,6,219.0,9062,41,11
215,215,2016-02-24,2016-03-03,7.19,12,86.28,9062,47,11
216,216,2016-02-21,2016-03-03,9.48,17,161.16,9017,65,2
217,217,2016-02-21,2016-03-01,21.89,6,131.34,9017,62,2
218,218,2016-02-21,2016-03-03,33.83,6,202.98,9017,67,2
219,219,2016-02-21,2016-03-03,15.93,16,254.88,9017,66,2
220,220,2016-02-21,2016-03-01,15.93,9,143.37,9017,66,2
221,221,2016-02-26,2016-03-03,7.96,11,87.56,9098,30,13
222,222,2016-02-25,2016-03-03,10.76,12,129.12,9087,100,5
223,223,2016-02-25,2016-03-01,11.5,11,126.5,9087,89,5
224,224,2016-02-25,2016-03-03,8.65,10,86.5,9087,38,5
225,225,2016-02-25,2016-03-03,11.5,10,115.0,9087,89,5
226,226,2016-02-25,2016-03-05,10.76,11,118.36,9087,100,5
227,227,2016-02-25,2016-03-04,11.84,12,142.08,9087,82,5
228,228,2016-02-25,2016-03-03,7.08,23,162.84,9087,90,5
229,229,2016-02-25,2016-03-03,10.36,12,124.32,9087,88,5
230,230,2016-02-25,2016-03-01,11.41,12,136.92,9087,91,5
231,231,2016-02-25,2016-03-04,20.45,213,4355.85,9087,94,5
232,232,2016-02-25,2016-03-03,20.45,34,695.3,9087,94,5
233,233,2016-02-25,2016-03-01,20.45,11,224.95,9087,94,5
234,234,2016-02-26,2016-03-03,19.83,6,118.98,9104,12,8
235,235,2016-02-24,2016-03-03,9.62,12,115.44,9073,6,4
236,236,2016-02-24,2016-03-03,10.39,12,124.68,9073,5,4
237,237,2016-02-23,2016-03-04,18.7,6,112.2,9052,75,23
238,238,2016-02-24,2016-03-04,14.95,6,89.7,9081,40,3
239,239,2016-02-28,2016-03-08,24.45,5,122.25,9113,24,11
240,240,2016-03-03,2016-03-09,15.93,2,31.86,9181,66,2
241,241,2016-03-03,2016-03-12,15.93,4,63.72,9181,66,2
242,242,2016-03-03,2016-03-08,9.48,21,199.08,9181,65,2
243,243,2016-03-03,2016-03-08,15.93,22,350.46,9181,66,2
244,244,2016-03-03,2016-03-08,21.89,6,131.34,9181,62,2
245,245,2016-03-04,2016-03-08,18.93,12,227.16,9199,93,25
246,246,2016-02-28,2016-03-08,17.98,6,107.88,9116,60,15
247,247,2016-02-28,2016-03-09,10.36,11,113.96,9118,88,5
248,248,2016-02-28,2016-03-08,10.39,12,124.68,9118,103,5
249,249,2016-02-28,2016-03-09,11.5,9,103.5,9118,89,5
250,250,2016-02-28,2016-03-10,11.84,12,142.08,9118,82,5
251,251,2016-02-28,2016-03-10,44.44,48,2133.12,9118,77,5
252,252,2016-02-28,2016-03-10,5.88,11,64.68,9118,99,5
253,253,2016-02-28,2016-03-08,11.41,12,136.92,9118,91,5
254,254,2016-02-28,2016-03-10,7.08,22,155.76,9118,90,5
255,255,2016-02-28,2016-03-09,0.93,120,111.6,9118,87,5
256,256,2016-03-02,2016-03-12,26.8,3,80.4,9173,9,4
257,257,2016-02-28,2016-03-10,35.15,6,210.9,9123,45,17
258,258,2016-02-28,2016-03-08,35.15,4,140.6,9123,45,17
259,259,2016-03-01,2016-03-08,40.59,12,487.08,9157,101,26
260,260,2016-03-02,2016-03-08,9.28,6,55.68,9174,1,1
261,261,2016-03-06,2016-03-16,7.99,11,87.89,9213,46,11
262,262,2016-03-06,2016-03-19,7.19,12,86.28,9213,47,11
263,263,2016-03-06,2016-03-16,15.93,18,286.74,9215,66,2
264,264,2016-03-06,2016-03-18,15.93,8,127.44,9215,66,2
265,265,2016-03-06,2016-03-19,21.89,5,109.45,9215,62,2
266,266,2016-03-06,2016-03-16,21.89,5,109.45,9215,62,2
267,267,2016-03-06,2016-03-16,9.48,22,208.56,9215,65,2
268,268,2016-03-06,2016-03-16,28.67,6,172.02,9215,2,2
269,269,2016-03-10,2016-03-19,19.11,5,95.55,9281,72,22
270,270,2016-03-10,2016-03-16,19.11,3,57.33,9281,72,22
271,271,2016-03-11,2016-03-16,18.93,10,189.3,9302,93,25
272,272,2016-03-09,2016-03-19,7.96,9,71.64,9259,30,13
273,273,2016-03-07,2016-03-16,7.83,10,78.3,9231,59,15
274,274,2016-03-11,2016-03-16,12.68,11,139.48,9305,98,5
275,275,2016-03-11,2016-03-19,7.08,22,155.76,9305,90,5
276,276,2016-03-11,2016-03-18,5.88,9,52.92,9305,99,5
277,277,2016-03-11,2016-03-18,11.41,11,125.51,9305,91,5
278,278,2016-03-11,2016-03-16,11.5,7,80.5,9305,89,5
279,279,2016-03-11,2016-03-19,11.84,12,142.08,9305,82,5
280,280,2016-03-11,2016-03-16,8.65,11,95.15,9305,38,5
281,281,2016-03-09,2016-03-16,15.62,6,93.72,9263,58,20
282,282,2016-03-08,2016-03-16,23.01,6,138.06,9252,57,9
283,283,2016-03-11,2016-03-16,9.62,11,105.82,9311,6,4
284,284,2016-03-07,2016-03-19,35.15,1,35.15,9236,45,17
285,285,2016-03-10,2016-03-16,26.08,5,130.4,9298,49,3
286,286,2016-03-18,2016-03-22,15.93,24,382.32,9390,66,2
287,287,2016-03-18,2016-03-25,15.93,6,95.58,9390,66,2
288,288,2016-03-18,2016-03-22,9.48,23,218.04,9390,65,2
289,289,2016-03-18,2016-03-24,33.83,6,202.98,9390,67,2
290,290,2016-03-13,2016-03-23,9.69,12,116.28,9320,104,25
291,291,2016-03-18,2016-03-23,10.76,11,118.36,9398,100,5
292,292,2016-03-18,2016-03-22,11.5,11,126.5,9398,89,5
293,293,2016-03-18,2016-03-23,8.65,11,95.15,9398,38,5
294,294,2016-03-18,2016-03-23,10.36,11,113.96,9398,88,5
295,295,2016-03-13,2016-03-25,8.95,12,107.4,9327,7,4
296,296,2016-03-18,2016-03-25,35.15,2,70.3,9405,45,17
297,297,2016-03-18,2016-03-22,35.15,6,210.9,9405,45,17
298,298,2016-03-18,2016-03-22,18.7,6,112.2,9407,75,23
299,299,2016-03-16,2016-03-23,27.68,5,138.4,9370,11,7
300,300,2016-03-20,2016-04-01,24.45,5,122.25,9415,24,11
301,301,2016-03-20,2016-03-31,9.48,24,227.52,9416,65,2
302,302,2016-03-20,2016-03-29,21.89,6,131.34,9416,62,2
303,303,2016-03-20,2016-03-31,15.93,7,111.51,9416,66,2
304,304,2016-03-20,2016-03-29,15.93,120,1911.6,9416,66,2
305,305,2016-03-25,2016-03-29,12.97,9,116.73,9506,20,6
306,306,2016-03-25,2016-03-29,19.11,36,687.96,9507,72,22
307,307,2016-03-25,2016-03-31,37.59,6,225.54,9507,73,22
308,308,2016-03-22,2016-03-31,7.96,12,95.52,9452,30,13
309,309,2016-03-24,2016-04-02,7.83,12,93.96,9497,59,15
310,310,2016-03-24,2016-03-29,21.73,6,130.38,9497,35,15
311,311,2016-03-20,2016-03-31,22.55,5,112.75,9420,80,5
312,312,2016-03-20,2016-03-29,22.55,18,405.9,9420,80,5
313,313,2016-03-20,2016-03-29,21.87,17,371.79,9420,84,5
314,314,2016-03-20,2016-03-29,11.84,11,130.24,9420,82,5
315,315,2016-03-20,2016-04-01,28.45,4,113.8,9420,79,5
316,316,2016-03-20,2016-03-29,5.88,11,64.68,9420,99,5
317,317,2016-03-20,2016-04-02,8.65,11,95.15,9420,38,5
318,318,2016-03-20,2016-03-29,10.39,11,114.29,9420,103,5
319,319,2016-03-20,2016-03-29,7.08,22,155.76,9420,90,5
320,320,2016-03-20,2016-03-31,12.68,12,152.16,9420,98,5
321,321,2016-03-20,2016-03-31,10.76,12,129.12,9420,100,5
322,322,2016-03-23,2016-04-02,19.83,6,118.98,9481,12,8
323,323,2016-03-23,2016-03-29,12.77,12,153.24,9481,23,8
324,324,2016-03-23,2016-04-02,12.79,6,76.74,9483,22,10
325,325,2016-03-24,2016-03-29,10.39,12,124.68,9499,5,4
326,326,2016-03-25,2016-03-29,35.15,6,210.9,9511,45,17
327,327,2016-03-25,2016-03-31,35.15,6,210.9,9511,45,17
328,328,2016-03-20,2016-03-31,9.28,6,55.68,9428,1,1
329,329,2016-03-20,2016-03-29,24.63,6,147.78,9429,26,12
330,330,2016-03-21,2016-03-29,26.08,6,156.48,9445,49,3
331,331,2016-03-21,2016-03-31,16.15,10,161.5,9445,51,3
332,332,2016-03-21,2016-03-31,23.01,6,138.06,9445,27,3
333,333,2016-03-21,2016-03-31,13.86,6,83.16,9445,39,3
334,334,2016-03-23,2016-03-29,19.99,6,119.94,9490,63,21
335,335,2016-03-21,2016-04-02,53.43,3,160.29,9448,15,7
336,336,2016-03-28,2016-04-06,7.99,12,95.88,9533,46,11
337,337,2016-03-28,2016-04-06,7.19,12,86.28,9533,47,11
338,338,2016-03-27,2016-04-06,9.48,20,189.6,9521,65,2
339,339,2016-03-27,2016-04-05,21.89,6,131.34,9521,62,2
340,340,2016-03-27,2016-04-05,15.93,11,175.23,9521,66,2
341,341,2016-03-27,2016-04-05,30.46,6,182.76,9521,3,2
342,342,2016-03-27,2016-04-06,15.93,1,15.93,9521,66,2
343,343,2016-03-27,2016-04-08,21.89,3,65.67,9521,62,2
344,344,2016-03-27,2016-04-08,15.93,7,111.51,9521,66,2
345,345,2016-03-30,2016-04-05,19.11,6,114.66,9563,72,22
346,346,2016-04-01,2016-04-06,14.28,6,85.68,9605,17,5
347,347,2016-04-01,2016-04-06,5.88,10,58.8,9605,99,5
348,348,2016-04-01,2016-04-06,10.36,11,113.96,9605,88,5
349,349,2016-04-01,2016-04-06,22.55,10,225.5,9605,80,5
350,350,2016-04-01,2016-04-06,17.03,12,204.36,9605,71,5
351,351,2016-04-01,2016-04-07,7.08,22,155.76,9605,90,5
352,352,2016-04-01,2016-04-06,21.87,17,371.79,9605,84,5
353,353,2016-04-01,2016-04-06,13.95,12,167.4,9605,43,5
354,354,2016-04-01,2016-04-07,11.41,11,125.51,9605,91,5
355,355,2016-03-30,2016-04-05,29.92,6,179.52,9571,55,14
356,356,2016-03-28,2016-04-06,19.52,6,117.12,9539,25,8
357,357,2016-03-31,2016-04-08,35.15,6,210.9,9593,45,17
358,358,2016-04-01,2016-04-06,24.99,6,149.94,9614,48,12
359,359,2016-04-05,2016-04-15,24.45,6,146.7,9658,24,11
360,360,2016-04-06,2016-04-12,15.93,10,159.3,9672,66,2
361,361,2016-04-06,2016-04-15,15.93,7,111.51,9672,66,2
362,362,2016-04-06,2016-04-15,21.89,5,109.45,9672,62,2
363,363,2016-04-06,2016-04-12,28.67,6,172.02,9672,2,2
364,364,2016-04-06,2016-04-15,9.48,18,170.64,9672,65,2
365,365,2016-04-03,2016-04-12,9.69,12,116.28,9624,104,25
366,366,2016-04-03,2016-04-12,7.96,11,87.56,9625,30,13
367,367,2016-04-08,2016-04-12,22.55,6,135.3,9708,80,5
368,368,2016-04-08,2016-04-12,11.84,11,130.24,9708,82,5
369,369,2016-04-08,2016-04-12,11.5,10,115.0,9708,89,5
370,370,2016-04-08,2016-04-15,28.45,5,142.25,9708,79,5
371,371,2016-04-08,2016-04-15,5.88,10,58.8,9708,99,5
372,372,2016-04-03,2016-04-15,10.39,12,124.68,9635,5,4
373,373,2016-04-03,2016-04-15,9.62,12,115.44,9635,6,4
374,374,2016-04-13,2016-04-20,15.93,9,143.37,9763,66,2
375,375,2016-04-13,2016-04-19,15.93,22,350.46,9763,66,2
376,376,2016-04-13,2016-04-22,30.46,6,182.76,9763,3,2
377,377,2016-04-13,2016-04-20,21.89,5,109.45,9763,62,2
378,378,2016-04-13,2016-04-19,7.83,11,86.13,9770,59,15
379,379,2016-04-13,2016-04-19,8.65,12,103.8,9772,38,5
380,380,2016-04-13,2016-04-19,10.39,12,124.68,9772,103,5
381,381,2016-04-13,2016-04-19,22.55,6,135.3,9772,80,5
382,382,2016-04-13,2016-04-20,31.0,6,186.0,9772,29,5
383,383,2016-04-13,2016-04-22,5.88,11,64.68,9772,99,5
384,384,2016-04-13,2016-04-20,28.45,4,113.8,9772,79,5
385,385,2016-04-13,2016-04-22,11.41,11,125.51,9772,91,5
386,386,2016-04-13,2016-04-22,12.68,9,114.12,9772,98,5
387,387,2016-04-10,2016-04-19,26.8,3,80.4,9726,9,4
388,388,2016-04-10,2016-04-20,8.95,12,107.4,9726,7,4
389,389,2016-04-10,2016-04-20,19.22,12,230.64,9726,105,4
390,390,2016-04-10,2016-04-20,35.15,6,210.9,9727,45,17
391,391,2016-04-10,2016-04-22,35.15,3,105.45,9727,45,17
392,392,2016-04-12,2016-04-19,9.28,6,55.68,9757,1,1
393,393,2016-04-12,2016-04-19,16.15,12,193.8,9759,51,3
394,394,2016-04-11,2016-04-20,27.68,6,166.08,9747,11,7
395,395,2016-04-19,2016-04-27,7.19,12,86.28,9847,47,11
396,396,2016-04-19,2016-04-28,21.89,5,109.45,9848,62,2
397,397,2016-04-19,2016-04-27,9.48,22,208.56,9848,65,2
398,398,2016-04-19,2016-04-28,15.93,2,31.86,9848,66,2
399,399,2016-04-19,2016-04-27,15.93,36,573.48,9848,66,2
400,400,2016-04-21,2016-04-28,18.97,66,1252.02,9887,18,6
401,401,2016-04-22,2016-04-28,18.93,24,454.32,9904,93,25
402,402,2016-04-17,2016-04-28,7.96,10,79.6,9820,30,13
403,403,2016-04-22,2016-04-28,11.84,11,130.24,9907,82,5
404,404,2016-04-22,2016-04-27,14.7,36,529.2,9907,8,5
405,405,2016-04-22,2016-04-28,10.36,9,93.24,9907,88,5
406,406,2016-04-22,2016-04-27,11.5,10,115.0,9907,89,5
407,407,2016-04-22,2016-04-28,11.5,10,115.0,9907,89,5
408,408,2016-04-22,2016-04-27,7.08,22,155.76,9907,90,5
409,409,2016-04-18,2016-04-27,20.6,6,123.6,9838,76,8
410,410,2016-04-17,2016-04-28,19.99,6,119.94,9831,63,21
411,411,2016-04-25,2016-05-05,7.99,12,95.88,9929,46,11
412,412,2016-04-25,2016-05-05,24.45,6,146.7,9929,24,11
413,413,2016-04-25,2016-05-05,36.5,6,219.0,9929,41,11
414,414,2016-04-29,2016-05-03,9.48,22,208.56,10001,65,2
415,415,2016-04-29,2016-05-03,28.67,3,86.01,10001,2,2
416,416,2016-04-24,2016-05-05,7.96,10,79.6,9920,30,13
417,417,2016-04-29,2016-05-05,10.76,12,129.12,10007,100,5
418,418,2016-04-29,2016-05-03,14.28,6,85.68,10007,17,5
419,419,2016-04-29,2016-05-05,12.68,11,139.48,10007,98,5
420,420,2016-04-29,2016-05-05,11.5,16,184.0,10007,89,5
421,421,2016-04-29,2016-05-03,28.45,6,170.7,10007,79,5
422,422,2016-04-29,2016-05-03,8.65,11,95.15,10007,38,5
423,423,2016-04-29,2016-05-03,5.88,12,70.56,10007,99,5
424,424,2016-04-29,2016-05-05,10.39,9,93.51,10007,103,5
425,425,2016-04-29,2016-05-05,11.41,12,136.92,10007,91,5
426,426,2016-04-26,2016-05-07,15.62,4,62.48,9961,58,20
427,427,2016-04-29,2016-05-05,3.56,120,427.2,10014,68,19
428,428,2016-04-29,2016-05-03,89.84,6,539.04,10014,54,19
429,429,2016-04-27,2016-05-03,9.62,11,105.82,9977,6,4
430,430,2016-04-26,2016-05-05,35.15,5,175.75,9964,45,17
431,431,2016-04-24,2016-05-03,18.7,6,112.2,9925,75,23
432,432,2016-04-28,2016-05-05,20.63,18,371.34,9995,53,3
433,433,2016-04-28,2016-05-03,21.73,6,130.38,9998,32,7
434,434,2016-04-28,2016-05-05,27.68,5,138.4,9998,11,7
435,435,2016-05-02,2016-05-13,28.67,6,172.02,10035,2,2
436,436,2016-05-02,2016-05-11,30.46,6,182.76,10035,3,2
437,437,2016-05-02,2016-05-10,9.48,20,189.6,10035,65,2
438,438,2016-05-02,2016-05-13,9.48,15,142.2,10035,65,2
439,439,2016-05-02,2016-05-10,21.89,6,131.34,10035,62,2
440,440,2016-05-02,2016-05-11,21.89,4,87.56,10035,62,2
441,441,2016-05-01,2016-05-12,9.69,12,116.28,10023,104,25
442,442,2016-05-06,2016-05-11,7.83,10,78.3,10101,59,15
443,443,2016-05-06,2016-05-11,21.73,5,108.65,10101,35,15
444,444,2016-05-05,2016-05-10,11.5,11,126.5,10087,89,5
445,445,2016-05-05,2016-05-10,5.88,12,70.56,10087,99,5
446,446,2016-05-05,2016-05-13,10.36,12,124.32,10087,88,5
447,447,2016-05-05,2016-05-11,11.5,7,80.5,10087,89,5
448,448,2016-05-05,2016-05-10,2.18,120,261.6,10087,96,5
449,449,2016-05-05,2016-05-10,2.59,59,152.81,10087,83,5
450,450,2016-05-05,2016-05-11,8.65,11,95.15,10087,38,5
451,451,2016-05-05,2016-05-11,7.08,21,148.68,10087,90,5
452,452,2016-05-04,2016-05-10,19.83,6,118.98,10068,12,8
453,453,2016-05-04,2016-05-10,35.15,6,210.9,10072,45,17
454,454,2016-05-06,2016-05-10,40.59,6,243.54,10109,101,26
455,455,2016-05-02,2016-05-10,25.36,6,152.16,10051,28,3
456,456,2016-05-02,2016-05-11,16.15,12,193.8,10051,51,3
457,457,2016-05-02,2016-05-10,26.08,6,156.48,10051,49,3
458,458,2016-05-02,2016-05-11,23.01,6,138.06,10051,27,3
459,459,2016-05-04,2016-05-12,19.99,6,119.94,10079,63,21
460,460,2016-05-12,2016-05-18,24.45,6,146.7,10187,24,11
461,461,2016-05-13,2016-05-20,21.89,6,131.34,10201,62,2
462,462,2016-05-13,2016-05-18,9.48,22,208.56,10201,65,2
463,463,2016-05-10,2016-05-18,12.97,11,142.67,10153,20,6
464,464,2016-05-12,2016-05-18,37.59,6,225.54,10188,73,22
465,465,2016-05-09,2016-05-20,9.69,1,9.69,10126,104,25
466,466,2016-05-11,2016-05-19,7.96,12,95.52,10173,30,13
467,467,2016-05-09,2016-05-17,12.68,9,114.12,10132,98,5
468,468,2016-05-09,2016-05-18,10.39,12,124.68,10132,103,5
469,469,2016-05-09,2016-05-17,11.5,10,115.0,10132,89,5
470,470,2016-05-09,2016-05-18,39.99,6,239.94,10132,69,5
471,471,2016-05-09,2016-05-20,0.93,17,15.81,10132,87,5
472,472,2016-05-09,2016-05-17,14.28,6,85.68,10132,17,5
473,473,2016-05-09,2016-05-19,11.41,10,114.1,10132,91,5
474,474,2016-05-13,2016-05-20,15.62,6,93.72,10205,58,20
475,475,2016-05-13,2016-05-20,54.68,3,164.04,10210,19,9
476,476,2016-05-11,2016-05-20,3.56,1,3.56,10179,68,19
477,477,2016-05-13,2016-05-18,26.8,3,80.4,10213,9,4
478,478,2016-05-13,2016-05-18,9.62,12,115.44,10213,6,4
479,479,2016-05-08,2016-05-18,35.15,6,210.9,10122,45,17
480,480,2016-05-12,2016-05-20,24.99,6,149.94,10197,48,12
481,481,2016-05-12,2016-05-17,39.69,6,238.14,10200,14,7
482,482,2016-05-16,2016-05-26,36.5,5,182.5,10240,41,11
483,483,2016-05-15,2016-05-24,9.48,23,218.04,10224,65,2
484,484,2016-05-15,2016-05-24,21.89,4,87.56,10224,62,2
485,485,2016-05-15,2016-05-25,33.83,6,202.98,10224,67,2
486,486,2016-05-20,2016-05-25,19.11,23,439.53,10312,72,22
487,487,2016-05-17,2016-05-25,9.69,12,116.28,10260,104,25
488,488,2016-05-16,2016-05-26,17.98,7,125.86,10243,60,15
489,489,2016-05-19,2016-05-25,12.68,11,139.48,10295,98,5
490,490,2016-05-19,2016-05-24,7.08,17,120.36,10295,90,5
491,491,2016-05-19,2016-05-25,11.41,10,114.1,10295,91,5
492,492,2016-05-19,2016-05-25,22.55,12,270.6,10295,80,5
493,493,2016-05-19,2016-05-24,11.84,12,142.08,10295,82,5
494,494,2016-05-19,2016-05-24,11.5,10,115.0,10295,89,5
495,495,2016-05-19,2016-05-26,28.45,6,170.7,10295,79,5
496,496,2016-05-19,2016-05-24,8.65,10,86.5,10295,38,5
497,497,2016-05-16,2016-05-24,13.79,12,165.48,10245,42,16
498,498,2016-05-16,2016-05-26,89.84,3,269.52,10248,54,19
499,499,2016-05-19,2016-05-24,12.79,6,76.74,10303,22,10
500,500,2016-05-17,2016-05-26,8.95,13,116.35,10267,7,4
501,501,2016-05-17,2016-05-24,8.95,11,98.45,10267,7,4
502,502,2016-05-17,2016-05-24,10.39,10,103.9,10267,5,4
503,503,2016-05-15,2016-05-25,35.15,6,210.9,10233,45,17
504,504,2016-05-15,2016-05-24,35.15,6,210.9,10233,45,17
505,505,2016-05-19,2016-05-25,13.86,18,249.48,10309,39,3
506,506,2016-05-19,2016-05-26,25.36,8,202.88,10309,28,3
507,507,2016-05-19,2016-05-25,14.95,18,269.1,10309,40,3
508,508,2016-05-19,2016-05-26,14.95,6,89.7,10309,40,3
509,509,2016-05-20,2016-05-24,27.68,6,166.08,10324,11,7
510,510,2016-05-22,2016-06-03,36.5,6,219.0,10325,41,11
511,511,2016-05-22,2016-06-02,7.99,12,95.88,10325,46,11
512,512,2016-05-22,2016-06-02,24.45,17,415.65,10325,24,11
513,513,2016-05-22,2016-06-03,24.45,5,122.25,10325,24,11
514,514,2016-05-25,2016-06-02,9.48,22,208.56,10378,65,2
515,515,2016-05-25,2016-06-03,21.89,4,87.56,10378,62,2
516,516,2016-05-25,2016-06-02,21.89,6,131.34,10378,62,2
517,517,2016-05-25,2016-06-02,15.93,28,446.04,10378,66,2
518,518,2016-05-25,2016-06-03,15.93,5,79.65,10378,66,2
519,519,2016-05-25,2016-06-02,28.67,5,143.35,10378,2,2
520,520,2016-05-23,2016-06-02,19.11,6,114.66,10348,72,22
521,521,2016-05-23,2016-06-02,7.96,11,87.56,10350,30,13
522,522,2016-05-22,2016-06-02,9.99,11,109.89,10332,36,5
523,523,2016-05-22,2016-06-02,17.03,12,204.36,10332,71,5
524,524,2016-05-22,2016-06-02,5.88,11,64.68,10332,99,5
525,525,2016-05-22,2016-06-02,11.5,12,138.0,10332,89,5
526,526,2016-05-22,2016-06-03,11.5,12,138.0,10332,89,5
527,527,2016-05-22,2016-06-02,10.39,12,124.68,10332,103,5
528,528,2016-05-22,2016-06-02,8.65,10,86.5,10332,38,5
529,529,2016-05-22,2016-06-02,22.55,11,248.05,10332,80,5
530,530,2016-05-25,2016-06-03,19.52,6,117.12,10384,25,8
531,531,2016-05-25,2016-06-02,9.62,11,105.82,10389,6,4
532,532,2016-05-24,2016-06-02,35.15,5,175.75,10370,45,17
533,533,2016-05-22,2016-06-02,26.08,6,156.48,10344,49,3
534,534,2016-06-02,2016-06-06,36.5,7,255.5,10497,41,11
535,535,2016-06-01,2016-06-07,33.83,96,3247.68,10480,67,2
536,536,2016-06-01,2016-06-07,15.93,12,191.16,10480,66,2
537,537,2016-06-01,2016-06-08,15.93,5,79.65,10480,66,2
538,538,2016-06-01,2016-06-08,21.89,4,87.56,10480,62,2
539,539,2016-06-01,2016-06-09,9.48,23,218.04,10480,65,2
540,540,2016-06-01,2016-06-10,15.93,1,15.93,10480,66,2
541,541,2016-05-29,2016-06-08,19.11,5,95.55,10428,72,22
542,542,2016-05-31,2016-06-11,7.96,1,7.96,10469,30,13
543,543,2016-05-30,2016-06-10,7.83,11,86.13,10450,59,15
544,544,2016-05-30,2016-06-08,0.93,120,111.6,10451,87,5
545,545,2016-05-30,2016-06-07,7.08,24,169.92,10451,90,5
546,546,2016-05-30,2016-06-07,39.99,6,239.94,10451,69,5
547,547,2016-05-30,2016-06-08,28.45,6,170.7,10451,79,5
548,548,2016-05-30,2016-06-07,8.65,10,86.5,10451,38,5
549,549,2016-05-30,2016-06-08,14.28,5,71.4,10451,17,5
550,550,2016-06-01,2016-06-08,29.92,6,179.52,10488,55,14
551,551,2016-06-03,2016-06-10,9.62,7,67.34,10525,6,4
552,552,2016-06-03,2016-06-09,35.15,6,210.9,10526,45,17
553,553,2016-05-30,2016-06-09,9.28,4,37.12,10457,1,1
554,554,2016-06-05,2016-06-15,21.89,4,87.56,10534,62,2
555,555,2016-06-05,2016-06-14,15.93,24,382.32,10534,66,2
556,556,2016-06-05,2016-06-15,15.93,7,111.51,10534,66,2
557,557,2016-06-05,2016-06-16,21.89,4,87.56,10534,62,2
558,558,2016-06-10,2016-06-15,19.11,5,95.55,10615,72,22
559,559,2016-06-07,2016-06-14,9.69,12,116.28,10566,104,25
560,560,2016-06-08,2016-06-17,7.96,12,95.52,10584,30,13
561,561,2016-06-09,2016-06-17,5.88,9,52.92,10603,99,5
562,562,2016-06-09,2016-06-14,11.5,11,126.5,10603,89,5
563,563,2016-06-09,2016-06-14,22.55,6,135.3,10603,80,5
564,564,2016-06-09,2016-06-15,12.68,11,139.48,10603,98,5
565,565,2016-06-09,2016-06-14,11.84,11,130.24,10603,82,5
566,566,2016-06-09,2016-06-15,8.65,12,103.8,10603,38,5
567,567,2016-06-09,2016-06-16,11.41,12,136.92,10603,91,5
568,568,2016-06-07,2016-06-14,19.83,6,118.98,10573,12,8
569,569,2016-06-06,2016-06-14,40.59,6,243.54,10557,101,26
570,570,2016-06-06,2016-06-15,18.7,6,112.2,10558,75,23
571,571,2016-06-10,2016-06-14,9.28,6,55.68,10626,1,1
572,572,2016-06-14,2016-06-23,24.45,5,122.25,10665,24,11
573,573,2016-06-14,2016-06-22,9.48,18,170.64,10666,65,2
574,574,2016-06-14,2016-06-22,28.67,6,172.02,10666,2,2
575,575,2016-06-14,2016-06-22,21.89,5,109.45,10666,62,2
576,576,2016-06-14,2016-06-22,15.93,34,541.62,10666,66,2
577,577,2016-06-17,2016-06-22,19.11,6,114.66,10715,72,22
578,578,2016-06-15,2016-06-23,21.73,6,130.38,10683,35,15
579,579,2016-06-15,2016-06-22,7.83,11,86.13,10683,59,15
580,580,2016-06-13,2016-06-22,8.65,11,95.15,10654,38,5
581,581,2016-06-13,2016-06-22,10.39,12,124.68,10654,103,5
582,582,2016-06-13,2016-06-22,7.08,21,148.68,10654,90,5
583,583,2016-06-13,2016-06-22,11.5,11,126.5,10654,89,5
584,584,2016-06-13,2016-06-22,22.55,6,135.3,10654,80,5
585,585,2016-06-13,2016-06-22,28.45,6,170.7,10654,79,5
586,586,2016-06-15,2016-06-23,45.45,6,272.7,10687,50,9
587,587,2016-06-17,2016-06-24,12.79,6,76.74,10724,22,10
588,588,2016-06-12,2016-06-22,9.62,9,86.58,10637,6,4
589,589,2016-06-16,2016-06-23,19.99,6,119.94,10713,63,21
590,590,2016-06-12,2016-06-22,27.68,6,166.08,10643,11,7
591,591,2016-06-22,2016-06-29,7.99,12,95.88,10778,46,11
592,592,2016-06-20,2016-06-28,30.46,6,182.76,10753,3,2
593,593,2016-06-20,2016-06-29,28.67,6,172.02,10753,2,2
594,594,2016-06-20,2016-06-28,15.93,11,175.23,10753,66,2
595,595,2016-06-20,2016-06-28,28.67,6,172.02,10753,2,2
596,596,2016-06-20,2016-06-29,15.93,8,127.44,10753,66,2
597,597,2016-06-20,2016-06-28,21.89,5,109.45,10753,62,2
598,598,2016-06-20,2016-06-29,9.48,21,199.08,10753,65,2
599,599,2016-06-20,2016-06-28,18.93,12,227.16,10754,93,25
600,600,2016-06-20,2016-06-28,9.69,12,116.28,10754,104,25
601,601,2016-06-24,2016-06-29,2.59,58,150.22,10820,83,5
602,602,2016-06-24,2016-06-28,14.28,6,85.68,10820,17,5
603,603,2016-06-24,2016-06-29,28.45,5,142.25,10820,79,5
604,604,2016-06-24,2016-06-29,5.88,11,64.68,10820,99,5
605,605,2016-06-24,2016-06-28,8.65,12,103.8,10820,38,5
606,606,2016-06-24,2016-06-28,11.84,12,142.08,10820,82,5
607,607,2016-06-20,2016-06-28,12.77,12,153.24,10757,23,8
608,608,2016-06-22,2016-06-29,12.79,5,63.95,10788,22,10
609,609,2016-06-19,2016-06-28,16.15,11,177.65,10751,51,3
610,610,2016-06-19,2016-06-28,23.01,6,138.06,10751,27,3
611,611,2016-06-25,2016-07-01,15.93,4,63.72,10839,66,2
612,612,2016-06-25,2016-07-01,7.96,11,87.56,10852,30,13
613,613,2016-06-25,2016-07-01,20.45,47,961.15,10864,94,5
614,614,2016-06-25,2016-07-01,19.83,5,99.15,10875,12,8
615,615,2016-06-25,2016-07-01,12.79,23,294.17,10887,22,10
616,616,2016-06-25,2016-07-01,8.95,11,98.45,10890,7,4
617,617,2016-06-29,2016-07-06,15.93,9,143.37,10971,66,2
618,618,2016-06-29,2016-07-08,15.93,4,63.72,10971,66,2
619,619,2016-06-29,2016-07-05,15.93,10,159.3,10971,66,2
620,620,2016-06-29,2016-07-06,9.48,22,208.56,10971,65,2
621,621,2016-06-29,2016-07-05,21.89,5,109.45,10971,62,2
622,622,2016-06-27,2016-07-06,9.69,12,116.28,10936,104,25
623,623,2016-06-27,2016-07-08,7.83,10,78.3,10937,59,15
624,624,2016-06-27,2016-07-06,11.5,11,126.5,10938,89,5
625,625,2016-06-27,2016-07-06,8.65,10,86.5,10938,38,5
626,626,2016-06-27,2016-07-06,14.28,5,71.4,10938,17,5
627,627,2016-06-27,2016-07-05,9.99,12,119.88,10938,36,5
628,628,2016-06-27,2016-07-07,7.08,23,162.84,10938,90,5
629,629,2016-06-27,2016-07-08,5.88,9,52.92,10938,99,5
630,630,2016-06-27,2016-07-05,13.95,12,167.4,10938,43,5
631,631,2016-06-27,2016-07-08,11.84,12,142.08,10938,82,5
632,632,2016-06-27,2016-07-05,8.65,11,95.15,10938,38,5
633,633,2016-06-27,2016-07-08,20.45,10,204.5,10938,94,5
634,634,2016-06-27,2016-07-05,14.28,6,85.68,10938,17,5
635,635,2016-06-27,2016-07-05,28.45,6,170.7,10938,79,5
636,636,2016-06-27,2016-07-08,11.41,10,114.1,10938,91,5
637,637,2016-06-27,2016-07-05,19.52,6,117.12,10943,25,8
638,638,2016-07-01,2016-07-05,9.62,12,115.44,11016,6,4
639,639,2016-06-29,2016-07-06,35.15,6,210.9,10976,45,17
640,640,2016-06-30,2016-07-05,24.99,6,149.94,10994,48,12
641,641,2016-06-27,2016-07-05,26.08,6,156.48,10947,49,3
642,642,2016-06-27,2016-07-06,6.29,48,301.92,10947,21,3
643,643,2016-06-29,2016-07-08,27.68,6,166.08,10981,11,7
644,644,2016-06-29,2016-07-05,21.73,6,130.38,10981,32,7
645,645,2016-07-05,2016-07-15,36.5,6,219.0,11067,41,11
646,646,2016-07-08,2016-07-14,9.48,20,189.6,11109,65,2
647,647,2016-07-08,2016-07-14,21.89,6,131.34,11109,62,2
648,648,2016-07-08,2016-07-14,30.46,6,182.76,11109,3,2
649,649,2016-07-08,2016-07-13,15.93,12,191.16,11109,66,2
650,650,2016-07-08,2016-07-14,15.93,7,111.51,11109,66,2
651,651,2016-07-05,2016-07-13,12.97,11,142.67,11069,20,6
652,652,2016-07-03,2016-07-13,9.69,12,116.28,11028,104,25
653,653,2016-07-07,2016-07-14,11.5,10,115.0,11099,89,5
654,654,2016-07-07,2016-07-14,12.68,12,152.16,11099,98,5
655,655,2016-07-07,2016-07-13,10.39,11,114.29,11099,103,5
656,656,2016-07-07,2016-07-12,8.65,1,8.65,11099,38,5
657,657,2016-07-07,2016-07-14,8.65,10,86.5,11099,38,5
658,658,2016-07-04,2016-07-14,15.62,6,93.72,11051,58,20
659,659,2016-07-08,2016-07-13,29.92,6,179.52,11114,55,14
660,660,2016-07-06,2016-07-14,8.95,12,107.4,11088,7,4
661,661,2016-07-06,2016-07-13,26.8,6,160.8,11088,9,4
662,662,2016-07-05,2016-07-14,18.7,6,112.2,11079,75,23
663,663,2016-07-03,2016-07-13,16.15,12,193.8,11044,51,3
664,664,2016-07-14,2016-07-23,7.99,11,87.89,11188,46,11
665,665,2016-07-15,2016-07-21,21.89,5,109.45,11208,62,2
666,666,2016-07-15,2016-07-21,15.93,9,143.37,11208,66,2
667,667,2016-07-15,2016-07-23,15.93,17,270.81,11208,66,2
668,668,2016-07-15,2016-07-23,9.48,21,199.08,11208,65,2
669,669,2016-07-14,2016-07-19,18.93,11,208.23,11191,93,25
670,670,2016-07-15,2016-07-19,14.28,5,71.4,11211,17,5
671,671,2016-07-15,2016-07-19,28.45,5,142.25,11211,79,5
672,672,2016-07-15,2016-07-19,20.45,10,204.5,11211,94,5
673,673,2016-07-15,2016-07-23,11.41,11,125.51,11211,91,5
674,674,2016-07-15,2016-07-21,8.65,8,69.2,11211,38,5
675,675,2016-07-15,2016-07-21,20.45,9,184.05,11211,94,5
676,676,2016-07-12,2016-07-21,19.83,5,99.15,11166,12,8
677,677,2016-07-15,2016-07-19,9.62,12,115.44,11216,6,4
678,678,2016-07-15,2016-07-21,35.15,12,421.8,11217,45,17
679,679,2016-07-14,2016-07-19,24.63,6,147.78,11202,26,12
680,680,2016-07-13,2016-07-23,26.08,6,156.48,11185,49,3
681,681,2016-07-22,2016-07-28,21.89,4,87.56,11311,62,2
682,682,2016-07-22,2016-07-27,21.89,6,131.34,11311,62,2
683,683,2016-07-22,2016-07-28,15.93,70,1115.1,11311,66,2
684,684,2016-07-22,2016-07-29,15.93,7,111.51,11311,66,2
685,685,2016-07-21,2016-07-27,37.59,6,225.54,11298,73,22
686,686,2016-07-20,2016-07-27,7.96,11,87.56,11282,30,13
687,687,2016-07-17,2016-07-28,10.76,11,118.36,11227,100,5
688,688,2016-07-17,2016-07-27,39.99,6,239.94,11227,69,5
689,689,2016-07-17,2016-07-27,11.5,12,138.0,11227,89,5
690,690,2016-07-17,2016-07-27,20.45,36,736.2,11227,94,5
691,691,2016-07-17,2016-07-29,28.45,6,170.7,11227,79,5
692,692,2016-07-17,2016-07-28,7.08,24,169.92,11227,90,5
693,693,2016-07-17,2016-07-27,12.68,10,126.8,11227,98,5
694,694,2016-07-17,2016-07-28,11.41,12,136.92,11227,91,5
695,695,2016-07-17,2016-07-27,8.65,12,103.8,11227,38,5
696,696,2016-07-17,2016-07-27,15.62,16,249.92,11230,58,20
697,697,2016-07-18,2016-07-28,35.15,12,421.8,11253,45,17
698,698,2016-07-18,2016-07-28,16.15,11,177.65,11256,51,3
699,699,2016-07-18,2016-07-28,23.01,5,115.05,11256,27,3
700,700,2016-07-18,2016-07-28,27.68,6,166.08,11259,11,7
701,701,2016-07-25,2016-08-02,24.45,6,146.7,11341,24,11
702,702,2016-07-27,2016-08-02,9.48,21,199.08,11382,65,2
703,703,2016-07-27,2016-08-03,21.89,6,131.34,11382,62,2
704,704,2016-07-27,2016-08-02,21.89,5,109.45,11382,62,2
705,705,2016-07-27,2016-08-03,15.93,11,175.23,11382,66,2
706,706,2016-07-27,2016-08-02,28.67,4,114.68,11382,2,2
707,707,2016-07-25,2016-08-03,7.83,12,93.96,11349,59,15
708,708,2016-07-25,2016-08-02,21.73,6,130.38,11349,35,15
709,709,2016-07-29,2016-08-03,10.76,10,107.6,11416,100,5
710,710,2016-07-29,2016-08-03,12.68,12,152.16,11416,98,5
711,711,2016-07-29,2016-08-03,14.28,5,71.4,11416,17,5
712,712,2016-07-29,2016-08-02,5.88,10,58.8,11416,99,5
713,713,2016-07-29,2016-08-05,2.59,58,150.22,11416,83,5
714,714,2016-07-29,2016-08-03,8.65,10,86.5,11416,38,5
715,715,2016-07-29,2016-08-03,9.99,12,119.88,11416,36,5
716,716,2016-07-29,2016-08-03,11.84,12,142.08,11416,82,5
717,717,2016-07-29,2016-08-03,11.5,12,138.0,11416,89,5
718,718,2016-07-29,2016-08-02,20.45,12,245.4,11416,94,5
719,719,2016-07-29,2016-08-02,10.39,11,114.29,11416,103,5
720,720,2016-07-27,2016-08-04,15.62,6,93.72,11388,58,20
721,721,2016-07-27,2016-08-03,15.62,6,93.72,11388,58,20
722,722,2016-07-28,2016-08-04,12.79,12,153.48,11401,22,10
723,723,2016-07-27,2016-08-02,8.95,12,107.4,11389,7,4
724,724,2016-07-27,2016-08-04,9.62,10,96.2,11389,6,4
725,725,2016-07-28,2016-08-04,35.15,5,175.75,11402,45,17
726,726,2016-08-04,2016-08-12,36.5,4,146.0,11491,41,11
727,727,2016-08-04,2016-08-12,7.99,12,95.88,11491,46,11
728,728,2016-08-02,2016-08-11,9.48,22,208.56,11458,65,2
729,729,2016-08-02,2016-08-11,21.89,6,131.34,11458,62,2
730,730,2016-08-02,2016-08-12,15.93,19,302.67,11458,66,2
731,731,2016-08-02,2016-08-11,15.93,4,63.72,11458,66,2
732,732,2016-08-02,2016-08-11,28.67,5,143.35,11458,2,2
733,733,2016-08-04,2016-08-12,9.69,11,106.59,11493,104,25
734,734,2016-08-01,2016-08-12,7.96,11,87.56,11445,30,13
735,735,2016-08-02,2016-08-11,0.93,118,109.74,11464,87,5
736,736,2016-08-02,2016-08-11,28.45,6,170.7,11464,79,5
737,737,2016-08-02,2016-08-12,7.08,20,141.6,11464,90,5
738,738,2016-08-02,2016-08-12,22.55,6,135.3,11464,80,5
739,739,2016-08-02,2016-08-12,2.18,118,257.24,11464,96,5
740,740,2016-08-02,2016-08-14,22.55,6,135.3,11464,80,5
741,741,2016-08-02,2016-08-11,11.41,11,125.51,11464,91,5
742,742,2016-08-02,2016-08-12,20.45,10,204.5,11464,94,5
743,743,2016-08-02,2016-08-11,10.76,10,107.6,11464,100,5
744,744,2016-08-04,2016-08-12,29.92,18,538.56,11497,55,14
745,745,2016-08-03,2016-08-11,35.15,5,175.75,11484,45,17
746,746,2016-08-02,2016-08-12,24.99,23,574.77,11471,48,12
747,747,2016-08-02,2016-08-12,24.63,18,443.34,11471,26,12
748,748,2016-08-01,2016-08-12,21.73,6,130.38,11456,32,7
749,749,2016-08-08,2016-08-16,30.46,6,182.76,11543,3,2
750,750,2016-08-08,2016-08-17,15.93,17,270.81,11543,66,2
751,751,2016-08-08,2016-08-19,21.89,6,131.34,11543,62,2
752,752,2016-08-08,2016-08-16,15.93,12,191.16,11543,66,2
753,753,2016-08-08,2016-08-17,9.48,23,218.04,11543,65,2
754,754,2016-08-08,2016-08-18,12.97,11,142.67,11545,20,6
755,755,2016-08-08,2016-08-17,10.39,12,124.68,11549,103,5
756,756,2016-08-08,2016-08-17,10.76,12,129.12,11549,100,5
757,757,2016-08-08,2016-08-16,7.08,21,148.68,11549,90,5
758,758,2016-08-08,2016-08-16,14.28,5,71.4,11549,17,5
759,759,2016-08-08,2016-08-16,5.88,11,64.68,11549,99,5
760,760,2016-08-08,2016-08-17,11.5,11,126.5,11549,89,5
761,761,2016-08-08,2016-08-17,20.45,9,184.05,11549,94,5
762,762,2016-08-08,2016-08-17,17.03,12,204.36,11549,71,5
763,763,2016-08-08,2016-08-19,14.28,3,42.84,11549,17,5
764,764,2016-08-08,2016-08-17,8.65,12,103.8,11549,38,5
765,765,2016-08-08,2016-08-19,20.45,9,184.05,11549,94,5
766,766,2016-08-08,2016-08-16,10.36,12,124.32,11549,88,5
767,767,2016-08-11,2016-08-17,19.83,6,118.98,11614,12,8
768,768,2016-08-10,2016-08-19,12.79,6,76.74,11598,22,10
769,769,2016-08-10,2016-08-16,12.79,5,63.95,11598,22,10
770,770,2016-08-12,2016-08-16,9.62,12,115.44,11630,6,4
771,771,2016-08-09,2016-08-17,35.15,6,210.9,11576,45,17
772,772,2016-08-08,2016-08-16,15.74,6,94.44,11560,16,3
773,773,2016-08-08,2016-08-17,16.15,12,193.8,11560,51,3
774,774,2016-08-17,2016-08-24,24.45,5,122.25,11686,24,11
775,775,2016-08-16,2016-08-27,15.93,5,79.65,11668,66,2
776,776,2016-08-16,2016-08-24,15.93,32,509.76,11668,66,2
777,777,2016-08-17,2016-08-24,20.76,6,124.56,11687,10,6
778,778,2016-08-16,2016-08-24,9.69,11,106.59,11670,104,25
779,779,2016-08-16,2016-08-27,18.93,24,454.32,11670,93,25
780,780,2016-08-17,2016-08-27,7.96,11,87.56,11688,30,13
781,781,2016-08-18,2016-08-24,28.45,6,170.7,11705,79,5
782,782,2016-08-18,2016-08-26,7.08,22,155.76,11705,90,5
783,783,2016-08-18,2016-08-24,11.41,11,125.51,11705,91,5
784,784,2016-08-18,2016-08-24,22.55,8,180.4,11705,80,5
785,785,2016-08-18,2016-08-27,5.88,11,64.68,11705,99,5
786,786,2016-08-18,2016-08-24,11.5,10,115.0,11705,89,5
787,787,2016-08-18,2016-08-27,10.39,10,103.9,11705,103,5
788,788,2016-08-18,2016-08-27,10.76,34,365.84,11705,100,5
789,789,2016-08-18,2016-08-26,8.65,7,60.55,11705,38,5
790,790,2016-08-18,2016-08-27,10.36,35,362.6,11705,88,5
791,791,2016-08-18,2016-08-24,14.28,6,85.68,11705,17,5
792,792,2016-08-16,2016-08-24,8.95,12,107.4,11680,7,4
793,793,2016-08-19,2016-08-24,35.15,6,210.9,11722,45,17
794,794,2016-08-14,2016-08-24,23.01,6,138.06,11650,27,3
795,795,2016-08-14,2016-08-25,20.63,3,61.89,11650,53,3
796,796,2016-08-16,2016-08-26,27.68,6,166.08,11684,11,7
797,797,2016-08-16,2016-08-24,21.73,6,130.38,11684,32,7
798,798,2016-08-21,2016-08-30,21.89,4,87.56,11730,62,2
799,799,2016-08-21,2016-08-30,9.48,22,208.56,11730,65,2
800,800,2016-08-21,2016-09-01,15.93,8,127.44,11730,66,2
801,801,2016-08-21,2016-09-02,15.93,6,95.58,11730,66,2
802,802,2016-08-21,2016-09-01,21.89,6,131.34,11730,62,2
803,803,2016-08-22,2016-08-30,22.55,6,135.3,11755,80,5
804,804,2016-08-22,2016-08-30,11.84,12,142.08,11755,82,5
805,805,2016-08-22,2016-09-01,10.76,11,118.36,11755,100,5
806,806,2016-08-22,2016-09-02,12.68,12,152.16,11755,98,5
807,807,2016-08-22,2016-09-01,11.5,11,126.5,11755,89,5
808,808,2016-08-22,2016-09-02,8.65,8,69.2,11755,38,5
809,809,2016-08-23,2016-09-01,12.77,12,153.24,11781,23,8
810,810,2016-08-26,2016-08-30,9.62,11,105.82,11826,6,4
811,811,2016-08-21,2016-09-01,35.15,4,140.6,11739,45,17
812,812,2016-08-23,2016-09-01,37.0,6,222.0,11788,44,3
813,813,2016-08-21,2016-08-30,69.76,6,418.56,11747,64,7
814,814,2016-08-30,2016-09-06,7.99,12,95.88,11859,46,11
815,815,2016-09-02,2016-09-09,30.46,6,182.76,11920,3,2
816,816,2016-09-02,2016-09-06,9.48,22,208.56,11920,65,2
817,817,2016-09-02,2016-09-07,21.89,5,109.45,11920,62,2
818,818,2016-09-02,2016-09-06,15.93,11,175.23,11920,66,2
819,819,2016-09-02,2016-09-07,15.93,9,143.37,11920,66,2
820,820,2016-09-02,2016-09-09,28.67,6,172.02,11920,2,2
821,821,2016-09-01,2016-09-06,14.59,12,175.08,11907,95,25
822,822,2016-09-01,2016-09-07,7.96,12,95.52,11908,30,13
823,823,2016-08-28,2016-09-06,7.83,11,86.13,11838,59,15
824,824,2016-08-30,2016-09-06,11.41,11,125.51,11867,91,5
825,825,2016-08-30,2016-09-07,28.45,5,142.25,11867,79,5
826,826,2016-08-30,2016-09-07,22.55,6,135.3,11867,80,5
827,827,2016-08-30,2016-09-07,7.08,23,162.84,11867,90,5
828,828,2016-08-30,2016-09-07,10.39,12,124.68,11867,103,5
829,829,2016-08-30,2016-09-09,11.5,7,80.5,11867,89,5
830,830,2016-08-30,2016-09-07,10.76,12,129.12,11867,100,5
831,831,2016-08-30,2016-09-07,10.36,12,124.32,11867,88,5
832,832,2016-08-29,2016-09-07,19.22,12,230.64,11850,105,4
833,833,2016-08-29,2016-09-06,9.62,11,105.82,11850,6,4
834,834,2016-09-01,2016-09-06,35.15,6,210.9,11912,45,17
835,835,2016-08-29,2016-09-06,18.7,6,112.2,11852,75,23
836,836,2016-08-31,2016-09-07,6.29,47,295.63,11898,21,3
837,837,2016-09-05,2016-09-13,21.89,6,131.34,11954,62,2
838,838,2016-09-05,2016-09-15,15.93,5,79.65,11954,66,2
839,839,2016-09-05,2016-09-13,9.48,24,227.52,11954,65,2
840,840,2016-09-05,2016-09-13,15.93,23,366.39,11954,66,2
841,841,2016-09-07,2016-09-15,20.76,5,103.8,11994,10,6
842,842,2016-09-04,2016-09-13,37.59,6,225.54,11939,73,22
843,843,2016-09-07,2016-09-15,18.93,12,227.16,11996,93,25
844,844,2016-09-09,2016-09-16,8.65,10,86.5,12028,38,5
845,845,2016-09-09,2016-09-15,2.59,60,155.4,12028,83,5
846,846,2016-09-09,2016-09-13,8.65,11,95.15,12028,38,5
847,847,2016-09-09,2016-09-15,5.88,11,64.68,12028,99,5
848,848,2016-09-09,2016-09-15,39.99,6,239.94,12028,69,5
849,849,2016-09-09,2016-09-13,14.28,6,85.68,12028,17,5
850,850,2016-09-09,2016-09-15,11.41,12,136.92,12028,91,5
851,851,2016-09-09,2016-09-15,11.5,9,103.5,12028,89,5
852,852,2016-09-07,2016-09-16,9.62,11,105.82,12006,6,4
853,853,2016-09-07,2016-09-15,8.95,12,107.4,12006,7,4
854,854,2016-09-07,2016-09-13,10.39,12,124.68,12006,5,4
855,855,2016-09-06,2016-09-13,35.15,5,175.75,11981,45,17
856,856,2016-09-05,2016-09-15,26.08,6,156.48,11969,49,3
857,857,2016-09-05,2016-09-13,16.15,9,145.35,11969,51,3
858,858,2016-09-06,2016-09-15,27.68,6,166.08,11991,11,7
859,859,2016-09-13,2016-09-20,15.93,22,350.46,12076,66,2
860,860,2016-09-13,2016-09-20,9.48,23,218.04,12076,65,2
861,861,2016-09-13,2016-09-21,15.93,11,175.23,12076,66,2
862,862,2016-09-13,2016-09-21,21.89,6,131.34,12076,62,2
863,863,2016-09-13,2016-09-20,21.89,5,109.45,12076,62,2
864,864,2016-09-16,2016-09-20,20.45,12,245.4,12134,94,5
865,865,2016-09-16,2016-09-20,11.5,11,126.5,12134,89,5
866,866,2016-09-16,2016-09-21,9.99,12,119.88,12134,36,5
867,867,2016-09-16,2016-09-21,11.84,12,142.08,12134,82,5
868,868,2016-09-16,2016-09-23,21.87,6,131.22,12134,84,5
869,869,2016-09-16,2016-09-20,22.55,4,90.2,12134,80,5
870,870,2016-09-16,2016-09-23,22.55,4,90.2,12134,80,5
871,871,2016-09-16,2016-09-20,28.45,6,170.7,12134,79,5
872,872,2016-09-16,2016-09-21,35.15,6,210.9,12137,45,17
873,873,2016-09-12,2016-09-20,9.28,6,55.68,12072,1,1
874,874,2016-09-23,2016-09-29,7.99,1,7.99,12236,46,11
875,875,2016-09-23,2016-09-30,36.5,12,438.0,12236,41,11
876,876,2016-09-21,2016-09-29,9.48,20,189.6,12192,65,2
877,877,2016-09-21,2016-09-30,15.93,65,1035.45,12192,66,2
878,878,2016-09-21,2016-09-29,15.93,25,398.25,12192,66,2
879,879,2016-09-21,2016-09-29,28.67,3,86.01,12192,2,2
880,880,2016-09-21,2016-09-29,21.89,9,197.01,12192,62,2
881,881,2016-09-23,2016-09-29,7.83,10,78.3,12239,59,15
882,882,2016-09-22,2016-09-29,7.08,9,63.72,12222,90,5
883,883,2016-09-22,2016-09-29,20.45,10,204.5,12222,94,5
884,884,2016-09-22,2016-09-30,28.56,18,514.08,12222,92,5
885,885,2016-09-22,2016-09-29,28.45,4,113.8,12222,79,5
886,886,2016-09-22,2016-09-29,10.39,8,83.12,12222,103,5
887,887,2016-09-22,2016-09-29,8.65,10,86.5,12222,38,5
888,888,2016-09-22,2016-09-29,11.5,16,184.0,12222,89,5
889,889,2016-09-22,2016-09-29,12.68,12,152.16,12222,98,5
890,890,2016-09-22,2016-09-29,11.84,10,118.4,12222,82,5
891,891,2016-09-22,2016-09-30,21.87,29,634.23,12222,84,5
892,892,2016-09-22,2016-09-29,11.41,6,68.46,12222,91,5
893,893,2016-09-22,2016-09-30,10.36,9,93.24,12222,88,5
894,894,2016-09-22,2016-09-30,10.76,11,118.36,12222,100,5
895,895,2016-09-22,2016-09-29,44.44,3,133.32,12222,77,5
896,896,2016-09-22,2016-09-30,20.45,45,920.25,12222,94,5
897,897,2016-09-22,2016-09-29,22.55,6,135.3,12222,80,5
898,898,2016-09-21,2016-09-29,19.83,5,99.15,12201,12,8
899,899,2016-09-23,2016-09-29,23.01,6,138.06,12243,57,9
900,900,2016-09-22,2016-09-29,35.15,6,210.9,12227,45,17
901,901,2016-09-19,2016-09-29,53.43,1,53.43,12178,15,7
902,902,2016-09-23,2016-10-01,15.93,3,47.79,12256,66,2
903,903,2016-09-25,2016-10-06,24.45,6,146.7,12312,24,11
904,904,2016-09-30,2016-10-07,9.48,18,170.64,12393,65,2
905,905,2016-09-30,2016-10-04,21.89,12,262.68,12393,62,2
906,906,2016-09-30,2016-10-04,9.48,22,208.56,12393,65,2
907,907,2016-09-30,2016-10-06,15.93,3,47.79,12393,66,2
908,908,2016-09-28,2016-10-07,19.11,5,95.55,12368,72,22
909,909,2016-09-28,2016-10-06,9.69,11,106.59,12369,104,25
910,910,2016-09-30,2016-10-04,7.96,12,95.52,12394,30,13
911,911,2016-09-30,2016-10-07,21.73,6,130.38,12397,35,15
912,912,2016-09-30,2016-10-07,7.83,12,93.96,12397,59,15
913,913,2016-09-25,2016-10-04,28.45,6,170.7,12317,79,5
914,914,2016-09-25,2016-10-07,7.08,22,155.76,12317,90,5
915,915,2016-09-25,2016-10-06,0.93,120,111.6,12317,87,5
916,916,2016-09-25,2016-10-06,10.76,23,247.48,12317,100,5
917,917,2016-09-25,2016-10-07,20.45,5,102.25,12317,94,5
918,918,2016-09-25,2016-10-04,11.5,10,115.0,12317,89,5
919,919,2016-09-25,2016-10-07,22.55,5,112.75,12317,80,5
920,920,2016-09-25,2016-10-06,10.36,11,113.96,12317,88,5
921,921,2016-09-25,2016-10-06,11.41,11,125.51,12317,91,5
922,922,2016-09-28,2016-10-07,26.8,6,160.8,12374,9,4
923,923,2016-09-28,2016-10-04,9.62,12,115.44,12374,6,4
924,924,2016-09-27,2016-10-06,35.15,5,175.75,12362,45,17
925,925,2016-09-26,2016-10-04,6.05,24,145.2,12346,86,24
926,926,2016-09-28,2016-10-06,23.01,6,138.06,12378,27,3
927,927,2016-09-28,2016-10-06,16.15,12,193.8,12378,51,3
928,928,2016-09-25,2016-10-06,21.73,6,130.38,12328,32,7
929,929,2016-10-04,2016-10-13,7.99,11,87.89,12455,46,11
930,930,2016-10-07,2016-10-13,21.89,6,131.34,12501,62,2
931,931,2016-10-07,2016-10-11,21.89,6,131.34,12501,62,2
932,932,2016-10-07,2016-10-13,30.46,6,182.76,12501,3,2
933,933,2016-10-07,2016-10-14,9.48,21,199.08,12501,65,2
934,934,2016-10-07,2016-10-13,12.97,12,155.64,12502,20,6
935,935,2016-10-05,2016-10-14,19.11,2,38.22,12467,72,22
936,936,2016-10-05,2016-10-11,20.45,9,184.05,12469,94,5
937,937,2016-10-05,2016-10-13,20.45,11,224.95,12469,94,5
938,938,2016-10-05,2016-10-11,14.28,6,85.68,12469,17,5
939,939,2016-10-05,2016-10-13,11.84,11,130.24,12469,82,5
940,940,2016-10-05,2016-10-11,11.5,10,115.0,12469,89,5
941,941,2016-10-05,2016-10-11,28.45,5,142.25,12469,79,5
942,942,2016-10-05,2016-10-11,8.65,12,103.8,12469,38,5
943,943,2016-10-05,2016-10-13,11.41,11,125.51,12469,91,5
944,944,2016-10-05,2016-10-14,22.55,3,67.65,12469,80,5
945,945,2016-10-05,2016-10-14,11.5,10,115.0,12469,89,5
946,946,2016-10-05,2016-10-11,10.39,12,124.68,12469,103,5
947,947,2016-10-07,2016-10-13,10.39,12,124.68,12510,5,4
948,948,2016-10-02,2016-10-14,35.15,6,210.9,12431,45,17
949,949,2016-10-02,2016-10-11,35.15,6,210.9,12431,45,17
950,950,2016-10-02,2016-10-11,18.7,6,112.2,12432,75,23
951,951,2016-10-04,2016-10-13,6.29,47,295.63,12462,21,3
952,952,2016-10-02,2016-10-11,19.99,6,119.94,12438,63,21
953,953,2016-10-02,2016-10-11,27.68,6,166.08,12439,11,7
954,954,2016-10-09,2016-10-18,28.67,6,172.02,12517,2,2
955,955,2016-10-09,2016-10-19,21.89,5,109.45,12517,62,2
956,956,2016-10-09,2016-10-18,15.93,24,382.32,12517,66,2
957,957,2016-10-09,2016-10-19,15.93,11,175.23,12517,66,2
958,958,2016-10-13,2016-10-21,20.76,5,103.8,12584,10,6
959,959,2016-10-11,2016-10-18,19.11,5,95.55,12555,72,22
960,960,2016-10-12,2016-10-19,7.96,12,95.52,12572,30,13
961,961,2016-10-09,2016-10-18,5.88,12,70.56,12523,99,5
962,962,2016-10-09,2016-10-19,11.5,11,126.5,12523,89,5
963,963,2016-10-09,2016-10-19,11.84,12,142.08,12523,82,5
964,964,2016-10-09,2016-10-20,28.45,6,170.7,12523,79,5
965,965,2016-10-09,2016-10-19,12.68,11,139.48,12523,98,5
966,966,2016-10-09,2016-10-18,20.45,11,224.95,12523,94,5
967,967,2016-10-09,2016-10-19,7.08,24,169.92,12523,90,5
968,968,2016-10-09,2016-10-19,22.55,5,112.75,12523,80,5
969,969,2016-10-09,2016-10-19,11.41,9,102.69,12523,91,5
970,970,2016-10-09,2016-10-19,8.65,12,103.8,12523,38,5
971,971,2016-10-09,2016-10-19,9.62,12,115.44,12529,6,4
972,972,2016-10-12,2016-10-19,35.15,6,210.9,12579,45,17
973,973,2016-10-12,2016-10-18,9.28,6,55.68,12582,1,1
974,974,2016-10-20,2016-10-25,24.45,6,146.7,12690,24,11
975,975,2016-10-20,2016-10-27,24.45,24,586.8,12690,24,11
976,976,2016-10-19,2016-10-25,12.79,12,153.48,12672,70,2
977,977,2016-10-19,2016-10-28,30.46,6,182.76,12672,3,2
978,978,2016-10-19,2016-10-27,15.93,66,1051.38,12672,66,2
979,979,2016-10-19,2016-10-27,21.89,6,131.34,12672,62,2
980,980,2016-10-19,2016-10-27,33.83,4,135.32,12672,67,2
981,981,2016-10-19,2016-10-25,9.48,16,151.68,12672,65,2
982,982,2016-10-19,2016-10-28,9.48,19,180.12,12672,65,2
983,983,2016-10-16,2016-10-28,12.97,36,466.92,12621,20,6
984,984,2016-10-19,2016-10-27,19.11,6,114.66,12673,72,22
985,985,2016-10-19,2016-10-27,9.69,11,106.59,12676,104,25
986,986,2016-10-19,2016-10-27,18.93,11,208.23,12676,93,25
987,987,2016-10-18,2016-10-25,9.99,12,119.88,12661,36,5
988,988,2016-10-18,2016-10-28,10.36,12,124.32,12661,88,5
989,989,2016-10-18,2016-10-28,22.55,17,383.35,12661,80,5
990,990,2016-10-18,2016-10-27,11.5,9,103.5,12661,89,5
991,991,2016-10-18,2016-10-28,10.76,12,129.12,12661,100,5
992,992,2016-10-18,2016-10-27,11.41,10,114.1,12661,91,5
993,993,2016-10-20,2016-10-25,8.95,11,98.45,12700,7,4
994,994,2016-10-21,2016-10-25,35.15,6,210.9,12715,45,17
995,995,2016-10-19,2016-10-28,26.08,6,156.48,12689,49,3
996,996,2016-10-19,2016-10-27,20.63,24,495.12,12689,53,3
997,997,2016-10-25,2016-11-04,7.99,10,79.9,12746,46,11
998,998,2016-10-27,2016-11-04,28.67,4,114.68,12788,2,2
999,999,2016-10-27,2016-11-04,15.93,5,79.65,12788,66,2
1000,1000,2016-10-27,2016-10-31,15.93,8,127.44,12788,66,2
1001,1001,2016-10-27,2016-11-03,15.93,13,207.09,12788,66,2
1002,1002,2016-10-27,2016-11-03,9.48,20,189.6,12788,65,2
1003,1003,2016-10-27,2016-11-04,9.48,18,170.64,12788,65,2
1004,1004,2016-10-26,2016-11-04,19.11,5,95.55,12775,72,22
1005,1005,2016-10-25,2016-11-04,18.93,11,208.23,12748,93,25
1006,1006,2016-10-23,2016-10-31,7.83,11,86.13,12728,59,15
1007,1007,2016-10-28,2016-10-31,10.39,12,124.68,12816,103,5
1008,1008,2016-10-28,2016-11-03,7.08,22,155.76,12816,90,5
1009,1009,2016-10-28,2016-11-03,11.5,20,230.0,12816,89,5
1010,1010,2016-10-28,2016-11-03,20.45,22,449.9,12816,94,5
1011,1011,2016-10-28,2016-11-04,11.41,12,136.92,12816,91,5
1012,1012,2016-10-28,2016-11-03,8.65,12,103.8,12816,38,5
1013,1013,2016-10-28,2016-10-31,11.41,10,114.1,12816,91,5
1014,1014,2016-10-28,2016-11-04,5.88,10,58.8,12816,99,5
1015,1015,2016-10-28,2016-11-04,11.5,10,115.0,12816,89,5
1016,1016,2016-10-28,2016-11-03,14.28,6,85.68,12816,17,5
1017,1017,2016-10-28,2016-11-04,22.55,3,67.65,12816,80,5
1018,1018,2016-10-26,2016-11-04,13.79,12,165.48,12778,42,16
1019,1019,2016-10-23,2016-11-03,12.77,12,153.24,12730,23,8
1020,1020,2016-10-23,2016-11-04,19.83,6,118.98,12730,12,8
1021,1021,2016-10-23,2016-11-03,35.15,5,175.75,12732,45,17
1022,1022,2016-10-23,2016-11-03,18.7,6,112.2,12734,75,23
1023,1023,2016-10-23,2016-11-03,20.63,6,123.78,12737,53,3
1024,1024,2016-10-23,2016-11-03,15.74,6,94.44,12737,16,3
1025,1025,2016-10-23,2016-11-03,23.01,6,138.06,12737,27,3
1026,1026,2016-11-01,2016-11-12,24.45,6,146.7,12857,24,11
1027,1027,2016-11-01,2016-11-08,36.5,5,182.5,12857,41,11
1028,1028,2016-11-01,2016-11-12,36.5,5,182.5,12857,41,11
1029,1029,2016-10-30,2016-11-08,21.89,5,109.45,12828,62,2
1030,1030,2016-10-30,2016-11-10,21.89,12,262.68,12828,62,2
1031,1031,2016-10-30,2016-11-10,15.93,62,987.66,12828,66,2
1032,1032,2016-10-30,2016-11-12,15.93,35,557.55,12828,66,2
1033,1033,2016-10-30,2016-11-10,9.48,16,151.68,12828,65,2
1034,1034,2016-10-30,2016-11-10,19.11,4,76.44,12830,72,22
1035,1035,2016-10-31,2016-11-12,9.69,12,116.28,12841,104,25
1036,1036,2016-11-02,2016-11-10,7.96,11,87.56,12878,30,13
1037,1037,2016-11-03,2016-11-12,7.83,8,62.64,12896,59,15
1038,1038,2016-11-03,2016-11-10,21.73,6,130.38,12896,35,15
1039,1039,2016-10-31,2016-11-10,20.45,12,245.4,12844,94,5
1040,1040,2016-10-31,2016-11-10,11.84,8,94.72,12844,82,5
1041,1041,2016-10-31,2016-11-08,20.45,12,245.4,12844,94,5
1042,1042,2016-10-31,2016-11-10,11.5,21,241.5,12844,89,5
1043,1043,2016-10-31,2016-11-12,2.59,54,139.86,12844,83,5
1044,1044,2016-10-31,2016-11-12,11.5,9,103.5,12844,89,5
1045,1045,2016-10-31,2016-11-10,8.65,12,103.8,12844,38,5
1046,1046,2016-10-31,2016-11-12,12.68,12,152.16,12844,98,5
1047,1047,2016-10-31,2016-11-10,22.55,3,67.65,12844,80,5
1048,1048,2016-10-31,2016-11-08,10.76,12,129.12,12844,100,5
1049,1049,2016-10-31,2016-11-10,10.39,12,124.68,12849,5,4
1050,1050,2016-10-31,2016-11-10,8.95,12,107.4,12849,7,4
1051,1051,2016-11-04,2016-11-10,27.68,6,166.08,12926,11,7
1052,1052,2016-11-07,2016-11-17,21.89,15,328.35,12951,62,2
1053,1053,2016-11-07,2016-11-17,15.93,128,2039.04,12951,66,2
1054,1054,2016-11-07,2016-11-18,15.93,1,15.93,12951,66,2
1055,1055,2016-11-07,2016-11-15,15.93,10,159.3,12951,66,2
1056,1056,2016-11-07,2016-11-17,9.48,18,170.64,12951,65,2
1057,1057,2016-11-07,2016-11-15,9.48,22,208.56,12951,65,2
1058,1058,2016-11-09,2016-11-15,20.76,6,124.56,12991,10,6
1059,1059,2016-11-06,2016-11-15,19.11,5,95.55,12930,72,22
1060,1060,2016-11-06,2016-11-17,19.11,5,95.55,12930,72,22
1061,1061,2016-11-06,2016-11-15,37.59,6,225.54,12930,73,22
1062,1062,2016-11-11,2016-11-17,18.93,11,208.23,13017,93,25
1063,1063,2016-11-06,2016-11-15,10.36,11,113.96,12935,88,5
1064,1064,2016-11-06,2016-11-15,0.93,111,103.23,12935,87,5
1065,1065,2016-11-06,2016-11-17,20.45,22,449.9,12935,94,5
1066,1066,2016-11-06,2016-11-15,28.45,6,170.7,12935,79,5
1067,1067,2016-11-06,2016-11-15,22.55,4,90.2,12935,80,5
1068,1068,2016-11-06,2016-11-17,11.5,12,138.0,12935,89,5
1069,1069,2016-11-06,2016-11-15,11.41,10,114.1,12935,91,5
1070,1070,2016-11-06,2016-11-17,7.08,23,162.84,12935,90,5
1071,1071,2016-11-06,2016-11-18,5.88,11,64.68,12935,99,5
1072,1072,2016-11-06,2016-11-17,22.55,5,112.75,12935,80,5
1073,1073,2016-11-06,2016-11-15,10.39,12,124.68,12935,103,5
1074,1074,2016-11-06,2016-11-15,9.99,12,119.88,12935,36,5
1075,1075,2016-11-09,2016-11-17,19.52,6,117.12,12995,25,8
1076,1076,2016-11-11,2016-11-15,9.62,12,115.44,13025,6,4
1077,1077,2016-11-11,2016-11-17,35.15,6,210.9,13026,45,17
1078,1078,2016-11-11,2016-11-15,35.15,6,210.9,13026,45,17
1079,1079,2016-11-06,2016-11-17,20.63,6,123.78,12947,53,3
1080,1080,2016-11-17,2016-11-25,24.45,5,122.25,13103,24,11
1081,1081,2016-11-17,2016-11-23,7.99,12,95.88,13103,46,11
1082,1082,2016-11-17,2016-11-22,36.5,5,182.5,13103,41,11
1083,1083,2016-11-15,2016-11-25,15.93,7,111.51,13068,66,2
1084,1084,2016-11-15,2016-11-22,15.93,10,159.3,13068,66,2
1085,1085,2016-11-15,2016-11-23,9.48,16,151.68,13068,65,2
1086,1086,2016-11-15,2016-11-23,12.79,12,153.48,13068,70,2
1087,1087,2016-11-15,2016-11-25,21.89,4,87.56,13068,62,2
1088,1088,2016-11-15,2016-11-22,21.89,2,43.78,13068,62,2
1089,1089,2016-11-14,2016-11-23,19.11,3,57.33,13051,72,22
1090,1090,2016-11-14,2016-11-23,7.96,8,63.68,13053,30,13
1091,1091,2016-11-14,2016-11-23,7.83,8,62.64,13055,59,15
1092,1092,2016-11-14,2016-11-22,17.98,6,107.88,13055,60,15
1093,1093,2016-11-14,2016-11-22,8.65,11,95.15,13056,38,5
1094,1094,2016-11-14,2016-11-22,11.84,12,142.08,13056,82,5
1095,1095,2016-11-14,2016-11-23,11.41,10,114.1,13056,91,5
1096,1096,2016-11-14,2016-11-23,2.18,118,257.24,13056,96,5
1097,1097,2016-11-14,2016-11-23,39.99,6,239.94,13056,69,5
1098,1098,2016-11-14,2016-11-23,20.45,4,81.8,13056,94,5
1099,1099,2016-11-14,2016-11-25,20.45,10,204.5,13056,94,5
1100,1100,2016-11-14,2016-11-25,22.55,5,112.75,13056,80,5
1101,1101,2016-11-14,2016-11-23,28.45,6,170.7,13056,79,5
1102,1102,2016-11-14,2016-11-23,11.5,7,80.5,13056,89,5
1103,1103,2016-11-16,2016-11-23,19.52,6,117.12,13091,25,8
1104,1104,2016-11-17,2016-11-23,10.39,11,114.29,13112,5,4
1105,1105,2016-11-16,2016-11-23,9.28,6,55.68,13096,1,1
1106,1106,2016-11-14,2016-11-23,23.01,6,138.06,13063,27,3
1107,1107,2016-11-14,2016-11-22,6.29,48,301.92,13063,21,3
1108,1108,2016-11-14,2016-11-22,16.15,12,193.8,13063,51,3
1109,1109,2016-11-14,2016-11-23,25.36,6,152.16,13063,28,3
1110,1110,2016-11-13,2016-11-23,19.99,4,79.96,13049,63,21
1111,1111,2016-11-25,2016-11-30,21.89,5,109.45,13224,62,2
1112,1112,2016-11-25,2016-11-30,9.48,23,218.04,13224,65,2
1113,1113,2016-11-25,2016-11-28,15.93,12,191.16,13224,66,2
1114,1114,2016-11-25,2016-11-28,9.48,17,161.16,13224,65,2
1115,1115,2016-11-25,2016-11-29,28.67,6,172.02,13224,2,2
1116,1116,2016-11-23,2016-11-29,12.97,12,155.64,13183,20,6
1117,1117,2016-11-22,2016-11-30,19.11,6,114.66,13162,72,22
1118,1118,2016-11-25,2016-11-29,18.93,12,227.16,13226,93,25
1119,1119,2016-11-21,2016-11-28,5.88,12,70.56,13152,99,5
1120,1120,2016-11-21,2016-12-02,14.28,4,57.12,13152,17,5
1121,1121,2016-11-21,2016-11-29,10.76,11,118.36,13152,100,5
1122,1122,2016-11-21,2016-12-02,10.39,12,124.68,13152,103,5
1123,1123,2016-11-21,2016-11-29,28.45,11,312.95,13152,79,5
1124,1124,2016-11-21,2016-11-30,20.45,12,245.4,13152,94,5
1125,1125,2016-11-21,2016-11-30,11.84,11,130.24,13152,82,5
1126,1126,2016-11-21,2016-11-30,28.45,6,170.7,13152,79,5
1127,1127,2016-11-21,2016-11-28,8.65,11,95.15,13152,38,5
1128,1128,2016-11-21,2016-11-28,7.08,24,169.92,13152,90,5
1129,1129,2016-11-21,2016-12-02,11.5,6,69.0,13152,89,5
1130,1130,2016-11-21,2016-11-28,10.36,12,124.32,13152,88,5
1131,1131,2016-11-21,2016-11-29,11.5,11,126.5,13152,89,5
1132,1132,2016-11-21,2016-11-28,22.55,6,135.3,13152,80,5
1133,1133,2016-11-20,2016-11-28,5.74,12,68.88,13138,33,14
1134,1134,2016-11-24,2016-12-02,19.83,6,118.98,13214,12,8
1135,1135,2016-11-22,2016-11-30,9.62,12,115.44,13170,6,4
1136,1136,2016-11-23,2016-11-28,35.15,6,210.9,13195,45,17
1137,1137,2016-11-21,2016-11-28,18.7,6,112.2,13156,75,23
1138,1138,2016-11-23,2016-11-29,13.86,6,83.16,13202,39,3
1139,1139,2016-11-30,2016-12-07,21.89,5,109.45,13288,62,2
1140,1140,2016-11-30,2016-12-07,9.48,18,170.64,13288,65,2
1141,1141,2016-11-30,2016-12-07,12.79,22,281.38,13288,70,2
1142,1142,2016-11-30,2016-12-07,30.46,6,182.76,13288,3,2
1143,1143,2016-11-27,2016-12-07,7.96,12,95.52,13239,30,13
1144,1144,2016-12-02,2016-12-07,7.83,12,93.96,13324,59,15
1145,1145,2016-12-02,2016-12-08,11.5,12,138.0,13325,89,5
1146,1146,2016-12-02,2016-12-07,10.36,12,124.32,13325,88,5
1147,1147,2016-12-02,2016-12-07,7.08,20,141.6,13325,90,5
1148,1148,2016-12-02,2016-12-07,11.41,9,102.69,13325,91,5
1149,1149,2016-12-02,2016-12-09,8.65,11,95.15,13325,38,5
1150,1150,2016-12-02,2016-12-07,17.03,12,204.36,13325,71,5
1151,1151,2016-12-02,2016-12-07,10.76,10,107.6,13325,100,5
1152,1152,2016-12-02,2016-12-07,20.45,23,470.35,13325,94,5
1153,1153,2016-12-02,2016-12-09,28.45,6,170.7,13325,79,5
1154,1154,2016-12-02,2016-12-07,28.56,6,171.36,13325,92,5
1155,1155,2016-12-02,2016-12-09,12.68,12,152.16,13325,98,5
1156,1156,2016-12-02,2016-12-08,9.99,12,119.88,13325,36,5
1157,1157,2016-12-02,2016-12-07,22.55,6,135.3,13325,80,5
1158,1158,2016-12-02,2016-12-08,22.55,5,112.75,13325,80,5
1159,1159,2016-11-27,2016-12-07,12.77,12,153.24,13243,23,8
1160,1160,2016-12-01,2016-12-07,8.95,12,107.4,13310,7,4
1161,1161,2016-11-29,2016-12-08,6.05,24,145.2,13282,86,24
1162,1162,2016-12-08,2016-12-15,24.45,5,122.25,13413,24,11
1163,1163,2016-12-08,2016-12-13,36.5,6,219.0,13413,41,11
1164,1164,2016-12-08,2016-12-13,7.99,12,95.88,13413,46,11
1165,1165,2016-12-07,2016-12-13,21.89,4,87.56,13390,62,2
1166,1166,2016-12-07,2016-12-15,9.48,18,170.64,13390,65,2
1167,1167,2016-12-07,2016-12-15,21.89,3,65.67,13390,62,2
1168,1168,2016-12-07,2016-12-13,9.48,18,170.64,13390,65,2
1169,1169,2016-12-07,2016-12-15,12.79,11,140.69,13390,70,2
1170,1170,2016-12-07,2016-12-15,28.67,6,172.02,13390,2,2
1171,1171,2016-12-07,2016-12-13,9.69,11,106.59,13392,104,25
1172,1172,2016-12-08,2016-12-15,10.36,24,248.64,13421,88,5
1173,1173,2016-12-08,2016-12-13,20.45,6,122.7,13421,94,5
1174,1174,2016-12-08,2016-12-15,20.45,11,224.95,13421,94,5
1175,1175,2016-12-08,2016-12-16,11.41,10,114.1,13421,91,5
1176,1176,2016-12-08,2016-12-16,11.5,9,103.5,13421,89,5
1177,1177,2016-12-08,2016-12-15,22.55,1,22.55,13421,80,5
1178,1178,2016-12-08,2016-12-13,10.39,12,124.68,13421,103,5
1179,1179,2016-12-08,2016-12-16,11.84,11,130.24,13421,82,5
1180,1180,2016-12-08,2016-12-13,10.76,9,96.84,13421,100,5
1181,1181,2016-12-08,2016-12-16,39.99,4,159.96,13421,69,5
1182,1182,2016-12-08,2016-12-13,14.28,6,85.68,13421,17,5
1183,1183,2016-12-08,2016-12-15,5.88,10,58.8,13421,99,5
1184,1184,2016-12-05,2016-12-13,10.39,12,124.68,13363,5,4
1185,1185,2016-12-05,2016-12-13,19.22,12,230.64,13363,105,4
1186,1186,2016-12-09,2016-12-13,35.15,4,140.6,13440,45,17
1187,1187,2016-12-09,2016-12-13,27.68,6,166.08,13444,11,7
1188,1188,2016-12-09,2016-12-16,39.69,6,238.14,13444,14,7
1189,1189,2016-12-12,2016-12-24,21.89,5,109.45,13468,62,2
1190,1190,2016-12-12,2016-12-20,9.48,42,398.16,13468,65,2
1191,1191,2016-12-12,2016-12-24,9.48,6,56.88,13468,65,2
1192,1192,2016-12-16,2016-12-24,12.97,12,155.64,13540,20,6
1193,1193,2016-12-12,2016-12-24,37.59,6,225.54,13471,73,22
1194,1194,2016-12-12,2016-12-20,19.11,4,76.44,13471,72,22
1195,1195,2016-12-13,2016-12-20,18.93,71,1344.03,13487,93,25
1196,1196,2016-12-13,2016-12-24,18.93,10,189.3,13487,93,25
1197,1197,2016-12-14,2016-12-24,7.96,9,71.64,13505,30,13
1198,1198,2016-12-16,2016-12-24,21.73,6,130.38,13543,35,15
1199,1199,2016-12-11,2016-12-24,28.56,3,85.68,13452,92,5
1200,1200,2016-12-11,2016-12-24,10.36,10,103.6,13452,88,5
1201,1201,2016-12-11,2016-12-20,8.65,10,86.5,13452,38,5
1202,1202,2016-12-11,2016-12-20,7.08,20,141.6,13452,90,5
1203,1203,2016-12-11,2016-12-20,11.5,12,138.0,13452,89,5
1204,1204,2016-12-11,2016-12-24,20.45,27,552.15,13452,94,5
1205,1205,2016-12-11,2016-12-24,10.39,11,114.29,13452,103,5
1206,1206,2016-12-11,2016-12-24,39.99,6,239.94,13452,69,5
1207,1207,2016-12-11,2016-12-20,10.76,11,118.36,13452,100,5
1208,1208,2016-12-11,2016-12-20,28.45,4,113.8,13452,79,5
1209,1209,2016-12-11,2016-12-20,22.55,9,202.95,13452,80,5
1210,1210,2016-12-11,2016-12-24,8.65,5,43.25,13452,38,5
1211,1211,2016-12-11,2016-12-24,28.45,10,284.5,13452,79,5
1212,1212,2016-12-11,2016-12-24,11.84,7,82.88,13452,82,5
1213,1213,2016-12-11,2016-12-24,22.55,5,112.75,13452,80,5
1214,1214,2016-12-11,2016-12-24,2.59,59,152.81,13452,83,5
1215,1215,2016-12-12,2016-12-24,45.45,5,227.25,13476,50,9
1216,1216,2016-12-15,2016-12-24,9.62,12,115.44,13536,6,4
1217,1217,2016-12-16,2016-12-24,35.15,2,70.3,13548,45,17
1218,1218,2016-12-16,2016-12-20,35.15,5,175.75,13548,45,17
1219,1219,2016-12-13,2016-12-20,18.7,5,93.5,13494,75,23
1220,1220,2016-12-11,2016-12-24,16.15,11,177.65,13462,51,3
1221,1221,2016-12-15,2016-12-19,69.76,1,69.76,13538,64,7
1222,1222,2016-12-23,2016-12-29,9.48,19,180.12,13642,65,2
1223,1223,2016-12-23,2016-12-30,9.48,20,189.6,13642,65,2
1224,1224,2016-12-23,2016-12-30,21.89,3,65.67,13642,62,2
1225,1225,2016-12-23,2016-12-29,21.89,6,131.34,13642,62,2
1226,1226,2016-12-23,2016-12-29,30.46,6,182.76,13642,3,2
1227,1227,2016-12-23,2016-12-30,15.93,18,286.74,13642,66,2
1228,1228,2016-12-23,2016-12-29,33.83,6,202.98,13642,67,2
1229,1229,2016-12-22,2016-12-30,20.76,5,103.8,13627,10,6
1230,1230,2016-12-18,2016-12-29,19.11,15,286.65,13553,72,22
1231,1231,2016-12-19,2016-12-30,7.96,11,87.56,13575,30,13
1232,1232,2016-12-18,2016-12-29,31.0,6,186.0,13557,29,5
1233,1233,2016-12-18,2016-12-29,12.68,12,152.16,13557,98,5
1234,1234,2016-12-18,2016-12-30,20.45,6,122.7,13557,94,5
1235,1235,2016-12-18,2016-12-30,39.99,3,119.97,13557,69,5
1236,1236,2016-12-18,2016-12-30,7.08,21,148.68,13557,90,5
1237,1237,2016-12-18,2016-12-29,20.45,153,3128.85,13557,94,5
1238,1238,2016-12-18,2016-12-30,28.45,6,170.7,13557,79,5
1239,1239,2016-12-18,2016-12-29,11.84,11,130.24,13557,82,5
1240,1240,2016-12-18,2016-12-30,11.5,9,103.5,13557,89,5
1241,1241,2016-12-18,2016-12-30,12.68,12,152.16,13557,98,5
1242,1242,2016-12-18,2016-12-29,22.55,78,1758.9,13557,80,5
1243,1243,2016-12-18,2016-12-30,5.88,11,64.68,13557,99,5
1244,1244,2016-12-18,2016-12-29,21.87,24,524.88,13557,84,5
1245,1245,2016-12-18,2016-12-29,11.41,11,125.51,13557,91,5
1246,1246,2016-12-18,2016-12-30,22.55,11,248.05,13557,80,5
1247,1247,2016-12-18,2016-12-30,8.65,7,60.55,13557,38,5
1248,1248,2016-12-21,2016-12-30,8.95,11,98.45,13617,7,4
1249,1249,2016-12-19,2016-12-29,35.15,3,105.45,13582,45,17
1250,1250,2016-12-19,2016-12-30,9.28,5,46.4,13584,1,1
1251,1251,2016-12-20,2016-12-29,26.08,6,156.48,13604,49,3
1252,1252,2016-12-20,2016-12-29,23.01,5,115.05,13604,27,3
1253,1253,2016-12-20,2016-12-29,20.63,12,247.56,13604,53,3
1254,1254,2016-12-20,2016-12-30,25.36,6,152.16,13604,28,3
1255,1255,2016-12-20,2016-12-29,13.86,5,69.3,13604,39,3
1256,1256,2016-12-20,2016-12-30,14.95,6,89.7,13604,40,3
